university_slug,programme_official_title,level,discipline,duration,campus,delivery_mode,intl_status,intl_evidence_url,official_source_url,other_sources,already_on_site,existing_offering_slug,canonical_course_match,notes
christ-university,Master of Business Administration (MBA),PG,management-commerce,1-2 years,Bengaluru (Central/Kengeri/Bannerghatta Rd/Yeshwanthpur) — campus not disambiguated by scrape,on-campus,open_to_international,https://christuniversity.in/center/C/IS/apply-tochrist,https://christuniversity.in/our-programmes/All/1,studyinindia,yes,christ-mba,mba,Listed 5 times in official Course Index (likely distinct specialisation/campus tabs not separately labelled in scrape) — verify per-specialisation before publishing.
christ-university,Master of Business Administration (MBA) (Finance and International Business / Marketing and International Business),PG,management-commerce,1-2 years,Bengaluru (Central/Kengeri/Bannerghatta Rd/Yeshwanthpur) — campus not disambiguated by scrape,on-campus,open_to_international,https://christuniversity.in/center/C/IS/apply-tochrist,https://christuniversity.in/our-programmes/All/1,studyinindia,no,,GAP:christ-master-of-business-administration-mba-finance-and-internatio,
christ-university,"Master of Business Administration (MBA) - CHRIST (Deemed to be University) + Master of Business Administration (THWS, Germany) (Bangalore Central Campus)",PG,management-commerce,1-2 years,Bengaluru (Central/Kengeri/Bannerghatta Rd/Yeshwanthpur) — campus not disambiguated by scrape,on-campus,open_to_international,https://christuniversity.in/center/C/IS/apply-tochrist,https://christuniversity.in/our-programmes/All/1,studyinindia,no,,GAP:christ-master-of-business-administration-mba-christ-deemed-to-be-un,
christ-university,"Master of Business Administration (MBA)- CHRIST (Deemed to be University) + Master of Business Administration (Western Michigan University), USA (Bangalore Central Campus)",PG,management-commerce,1-2 years,Bengaluru (Central/Kengeri/Bannerghatta Rd/Yeshwanthpur) — campus not disambiguated by scrape,on-campus,open_to_international,https://christuniversity.in/center/C/IS/apply-tochrist,https://christuniversity.in/our-programmes/All/1,studyinindia,no,,GAP:christ-master-of-business-administration-mba-christ-deemed-to-be-un,
christ-university,"Master of Business Administration (MBA)- CHRIST (Deemed to be University) + MS (Virginia Commonwealth University), USA (Bangalore Central Campus)",PG,management-commerce,1-2 years,Bengaluru (Central/Kengeri/Bannerghatta Rd/Yeshwanthpur) — campus not disambiguated by scrape,on-campus,open_to_international,https://christuniversity.in/center/C/IS/apply-tochrist,https://christuniversity.in/our-programmes/All/1,studyinindia,no,,GAP:christ-master-of-business-administration-mba-christ-deemed-to-be-un,
christ-university,B.Tech Electronics and Communication Engineering in VLSI Design and Technology,UG,engineering,3-4 years,Bengaluru (Central/Kengeri/Bannerghatta Rd/Yeshwanthpur) — campus not disambiguated by scrape,on-campus,open_to_international,https://christuniversity.in/center/C/IS/apply-tochrist,https://christuniversity.in/our-programmes/All/1,studyinindia,no,,GAP:christ-b-tech-electronics-and-communication-engineering-in-vlsi-des,
christ-university,B.Tech in Civil Engineering (With Applications in AI & ML),UG,engineering,3-4 years,Bengaluru (Central/Kengeri/Bannerghatta Rd/Yeshwanthpur) — campus not disambiguated by scrape,on-campus,open_to_international,https://christuniversity.in/center/C/IS/apply-tochrist,https://christuniversity.in/our-programmes/All/1,studyinindia,no,,GAP:christ-b-tech-in-civil-engineering-with-applications-in-ai-ml,
christ-university,"BA (Economics, Political Science/Honours/Honours with Research)",UG,arts-sciences-other,3-4 years,Bengaluru (Central/Kengeri/Bannerghatta Rd/Yeshwanthpur) — campus not disambiguated by scrape,on-campus,open_to_international,https://christuniversity.in/center/C/IS/apply-tochrist,https://christuniversity.in/our-programmes/All/1,studyinindia,no,,GAP:christ-ba-economics-political-science-honours-honours-with-research,
christ-university,"BA (Economics, Sociology/Honours/Honours with Research) (with minor in Political Science)",UG,arts-sciences-other,3-4 years,Bengaluru (Central/Kengeri/Bannerghatta Rd/Yeshwanthpur) — campus not disambiguated by scrape,on-campus,open_to_international,https://christuniversity.in/center/C/IS/apply-tochrist,https://christuniversity.in/our-programmes/All/1,studyinindia,no,,GAP:christ-ba-economics-sociology-honours-honours-with-research-with-mi,
christ-university,BA (English with Creative Writing Honours/Honours with Research),UG,arts-sciences-other,3-4 years,Bengaluru (Central/Kengeri/Bannerghatta Rd/Yeshwanthpur) — campus not disambiguated by scrape,on-campus,open_to_international,https://christuniversity.in/center/C/IS/apply-tochrist,https://christuniversity.in/our-programmes/All/1,studyinindia,no,,GAP:christ-ba-english-with-creative-writing-honours-honours-with-resear,
christ-university,"BA (Media, Psychology/Honours/Honours with Research)",UG,psychology-social-work,3-4 years,Bengaluru (Central/Kengeri/Bannerghatta Rd/Yeshwanthpur) — campus not disambiguated by scrape,on-campus,open_to_international,https://christuniversity.in/center/C/IS/apply-tochrist,https://christuniversity.in/our-programmes/All/1,studyinindia,no,,GAP:christ-ba-media-psychology-honours-honours-with-research,
christ-university,"BA (Psychology, Economics/Honours/Honours with Research)",UG,psychology-social-work,3-4 years,Bengaluru (Central/Kengeri/Bannerghatta Rd/Yeshwanthpur) — campus not disambiguated by scrape,on-campus,open_to_international,https://christuniversity.in/center/C/IS/apply-tochrist,https://christuniversity.in/our-programmes/All/1,studyinindia,no,,GAP:christ-ba-psychology-economics-honours-honours-with-research,
christ-university,"BA (Psychology, English/Honours/Honours with Research)",UG,psychology-social-work,3-4 years,Bengaluru (Central/Kengeri/Bannerghatta Rd/Yeshwanthpur) — campus not disambiguated by scrape,on-campus,open_to_international,https://christuniversity.in/center/C/IS/apply-tochrist,https://christuniversity.in/our-programmes/All/1,studyinindia,no,,GAP:christ-ba-psychology-english-honours-honours-with-research,
christ-university,"Bachelor of Arts (Journalism and Digital Media, English/Honours/Honours with Research)",UG,media-communication,3-4 years,Bengaluru (Central/Kengeri/Bannerghatta Rd/Yeshwanthpur) — campus not disambiguated by scrape,on-campus,open_to_international,https://christuniversity.in/center/C/IS/apply-tochrist,https://christuniversity.in/our-programmes/All/1,studyinindia,no,,GAP:christ-bachelor-of-arts-journalism-and-digital-media-english-honour,
christ-university,Bachelor of Architecture (BArch),UG,architecture,3-4 years,Bengaluru (Central/Kengeri/Bannerghatta Rd/Yeshwanthpur) — campus not disambiguated by scrape,on-campus,open_to_international,https://christuniversity.in/center/C/IS/apply-tochrist,https://christuniversity.in/our-programmes/All/1,studyinindia,no,,GAP:christ-bachelor-of-architecture-barch,
christ-university,"Bachelor of Arts (Communication and Media, English/Honours/Honours with Research)",UG,media-communication,3-4 years,Bengaluru (Central/Kengeri/Bannerghatta Rd/Yeshwanthpur) — campus not disambiguated by scrape,on-campus,open_to_international,https://christuniversity.in/center/C/IS/apply-tochrist,https://christuniversity.in/our-programmes/All/1,studyinindia,no,,GAP:christ-bachelor-of-arts-communication-and-media-english-honours-hon,
christ-university,"Bachelor of Arts (Communication and Media, Psychology/Honours/Honours with Research)",UG,psychology-social-work,3-4 years,Bengaluru (Central/Kengeri/Bannerghatta Rd/Yeshwanthpur) — campus not disambiguated by scrape,on-campus,open_to_international,https://christuniversity.in/center/C/IS/apply-tochrist,https://christuniversity.in/our-programmes/All/1,studyinindia,no,,GAP:christ-bachelor-of-arts-communication-and-media-psychology-honours-,
christ-university,Bachelor of Arts (Economics/Honours/Honours with Research),UG,arts-sciences-other,3-4 years,Bengaluru (Central/Kengeri/Bannerghatta Rd/Yeshwanthpur) — campus not disambiguated by scrape,on-campus,open_to_international,https://christuniversity.in/center/C/IS/apply-tochrist,https://christuniversity.in/our-programmes/All/1,studyinindia,no,,GAP:christ-bachelor-of-arts-economics-honours-honours-with-research,
christ-university,Bachelor of Arts (English/Honours/ Honours with Research) with Digital Humanities,UG,arts-sciences-other,3-4 years,Bengaluru (Central/Kengeri/Bannerghatta Rd/Yeshwanthpur) — campus not disambiguated by scrape,on-campus,open_to_international,https://christuniversity.in/center/C/IS/apply-tochrist,https://christuniversity.in/our-programmes/All/1,studyinindia,no,,GAP:christ-bachelor-of-arts-english-honours-honours-with-research-with-,
christ-university,"Bachelor of Arts (History, Political Science/Honours/Honours with Research) (with minor in Economics)",UG,arts-sciences-other,3-4 years,Bengaluru (Central/Kengeri/Bannerghatta Rd/Yeshwanthpur) — campus not disambiguated by scrape,on-campus,open_to_international,https://christuniversity.in/center/C/IS/apply-tochrist,https://christuniversity.in/our-programmes/All/1,studyinindia,no,,GAP:christ-bachelor-of-arts-history-political-science-honours-honours-w,
christ-university,Bachelor of Arts (Liberal Arts/Honours/Honours with Research),UG,arts-sciences-other,3-4 years,Bengaluru (Central/Kengeri/Bannerghatta Rd/Yeshwanthpur) — campus not disambiguated by scrape,on-campus,open_to_international,https://christuniversity.in/center/C/IS/apply-tochrist,https://christuniversity.in/our-programmes/All/1,studyinindia,no,,GAP:christ-bachelor-of-arts-liberal-arts-honours-honours-with-research,
christ-university,"Bachelor of Arts (Music-Western Classical, Creative Media/Honours)",UG,media-communication,3-4 years,Bengaluru (Central/Kengeri/Bannerghatta Rd/Yeshwanthpur) — campus not disambiguated by scrape,on-campus,open_to_international,https://christuniversity.in/center/C/IS/apply-tochrist,https://christuniversity.in/our-programmes/All/1,studyinindia,no,,GAP:christ-bachelor-of-arts-music-western-classical-creative-media-hono,
christ-university,"Bachelor of Arts (Music-Western Classical, Psychology/Honours)",UG,psychology-social-work,3-4 years,Bengaluru (Central/Kengeri/Bannerghatta Rd/Yeshwanthpur) — campus not disambiguated by scrape,on-campus,open_to_international,https://christuniversity.in/center/C/IS/apply-tochrist,https://christuniversity.in/our-programmes/All/1,studyinindia,no,,GAP:christ-bachelor-of-arts-music-western-classical-psychology-honours,
christ-university,"Bachelor of Arts (Performing Arts, Creative Media/Honours)",UG,media-communication,3-4 years,Bengaluru (Central/Kengeri/Bannerghatta Rd/Yeshwanthpur) — campus not disambiguated by scrape,on-campus,open_to_international,https://christuniversity.in/center/C/IS/apply-tochrist,https://christuniversity.in/our-programmes/All/1,studyinindia,no,,GAP:christ-bachelor-of-arts-performing-arts-creative-media-honours,
christ-university,"Bachelor of Arts (Performing Arts, Psychology/Honours)",UG,psychology-social-work,3-4 years,Bengaluru (Central/Kengeri/Bannerghatta Rd/Yeshwanthpur) — campus not disambiguated by scrape,on-campus,open_to_international,https://christuniversity.in/center/C/IS/apply-tochrist,https://christuniversity.in/our-programmes/All/1,studyinindia,no,,GAP:christ-bachelor-of-arts-performing-arts-psychology-honours,
christ-university,Bachelor of Arts (Philosophy),UG,arts-sciences-other,3-4 years,Bengaluru (Central/Kengeri/Bannerghatta Rd/Yeshwanthpur) — campus not disambiguated by scrape,on-campus,open_to_international,https://christuniversity.in/center/C/IS/apply-tochrist,https://christuniversity.in/our-programmes/All/1,studyinindia,no,,GAP:christ-bachelor-of-arts-philosophy,
christ-university,Bachelor of Arts (Political Science/Honours/Honours with Research),UG,arts-sciences-other,3-4 years,Bengaluru (Central/Kengeri/Bannerghatta Rd/Yeshwanthpur) — campus not disambiguated by scrape,on-campus,open_to_international,https://christuniversity.in/center/C/IS/apply-tochrist,https://christuniversity.in/our-programmes/All/1,studyinindia,no,,GAP:christ-bachelor-of-arts-political-science-honours-honours-with-rese,
christ-university,"Bachelor of Arts (Psychology, Economics/Honours/Honours with Research)",UG,psychology-social-work,3-4 years,Bengaluru (Central/Kengeri/Bannerghatta Rd/Yeshwanthpur) — campus not disambiguated by scrape,on-campus,open_to_international,https://christuniversity.in/center/C/IS/apply-tochrist,https://christuniversity.in/our-programmes/All/1,studyinindia,no,,GAP:christ-bachelor-of-arts-psychology-economics-honours-honours-with-r,
christ-university,"Bachelor of Arts (Psychology, English/Honours/Honours with Research)",UG,psychology-social-work,3-4 years,Bengaluru (Central/Kengeri/Bannerghatta Rd/Yeshwanthpur) — campus not disambiguated by scrape,on-campus,open_to_international,https://christuniversity.in/center/C/IS/apply-tochrist,https://christuniversity.in/our-programmes/All/1,studyinindia,no,,GAP:christ-bachelor-of-arts-psychology-english-honours-honours-with-res,
christ-university,"Bachelor of Arts (Theatre Studies, Creative Media/Honours)",UG,media-communication,3-4 years,Bengaluru (Central/Kengeri/Bannerghatta Rd/Yeshwanthpur) — campus not disambiguated by scrape,on-campus,open_to_international,https://christuniversity.in/center/C/IS/apply-tochrist,https://christuniversity.in/our-programmes/All/1,studyinindia,no,,GAP:christ-bachelor-of-arts-theatre-studies-creative-media-honours,
christ-university,"Bachelor of Arts (Theatre Studies, Psychology/Honours)",UG,psychology-social-work,3-4 years,Bengaluru (Central/Kengeri/Bannerghatta Rd/Yeshwanthpur) — campus not disambiguated by scrape,on-campus,open_to_international,https://christuniversity.in/center/C/IS/apply-tochrist,https://christuniversity.in/our-programmes/All/1,studyinindia,no,,GAP:christ-bachelor-of-arts-theatre-studies-psychology-honours,
christ-university,Bachelor of Business Administration (Applied Finance with FinTech),UG,management-commerce,3-4 years,Bengaluru (Central/Kengeri/Bannerghatta Rd/Yeshwanthpur) — campus not disambiguated by scrape,on-campus,open_to_international,https://christuniversity.in/center/C/IS/apply-tochrist,https://christuniversity.in/our-programmes/All/1,studyinindia,no,,GAP:christ-bachelor-of-business-administration-applied-finance-with-fin,
christ-university,Bachelor of Business Administration (BBA) (Business Analytics/Honours/Honours with Research),UG,management-commerce,3-4 years,Bengaluru (Central/Kengeri/Bannerghatta Rd/Yeshwanthpur) — campus not disambiguated by scrape,on-campus,open_to_international,https://christuniversity.in/center/C/IS/apply-tochrist,https://christuniversity.in/our-programmes/All/1,studyinindia,no,,GAP:christ-bachelor-of-business-administration-bba-business-analytics-h,
christ-university,Bachelor of Business Administration (BBA) (Finance and Economics/Honours/Honours with Research),UG,management-commerce,3-4 years,Bengaluru (Central/Kengeri/Bannerghatta Rd/Yeshwanthpur) — campus not disambiguated by scrape,on-campus,open_to_international,https://christuniversity.in/center/C/IS/apply-tochrist,https://christuniversity.in/our-programmes/All/1,studyinindia,no,,GAP:christ-bachelor-of-business-administration-bba-finance-and-economic,
christ-university,Bachelor of Business Administration (BBA) (Finance and International Business/Honours/Honours with Research),UG,management-commerce,3-4 years,Bengaluru (Central/Kengeri/Bannerghatta Rd/Yeshwanthpur) — campus not disambiguated by scrape,on-campus,open_to_international,https://christuniversity.in/center/C/IS/apply-tochrist,https://christuniversity.in/our-programmes/All/1,studyinindia,no,,GAP:christ-bachelor-of-business-administration-bba-finance-and-internat,
christ-university,Bachelor of Business Administration (BBA) (Finance and Marketing Analytics/Honours/Honours with Research),UG,management-commerce,3-4 years,Bengaluru (Central/Kengeri/Bannerghatta Rd/Yeshwanthpur) — campus not disambiguated by scrape,on-campus,open_to_international,https://christuniversity.in/center/C/IS/apply-tochrist,https://christuniversity.in/our-programmes/All/1,studyinindia,no,,GAP:christ-bachelor-of-business-administration-bba-finance-and-marketin,
christ-university,Bachelor of Business Administration (BBA) (Honours/Honours with Research),UG,management-commerce,3-4 years,Bengaluru (Central/Kengeri/Bannerghatta Rd/Yeshwanthpur) — campus not disambiguated by scrape,on-campus,open_to_international,https://christuniversity.in/center/C/IS/apply-tochrist,https://christuniversity.in/our-programmes/All/1,studyinindia,no,,GAP:christ-bachelor-of-business-administration-bba-honours-honours-with,
christ-university,Bachelor of Business Administration (BBA) (Marketing and Tourism),UG,management-commerce,3-4 years,Bengaluru (Central/Kengeri/Bannerghatta Rd/Yeshwanthpur) — campus not disambiguated by scrape,on-campus,open_to_international,https://christuniversity.in/center/C/IS/apply-tochrist,https://christuniversity.in/our-programmes/All/1,studyinindia,no,,GAP:christ-bachelor-of-business-administration-bba-marketing-and-touris,
christ-university,Bachelor of Business Administration (BBA) (Strategy and Business Analytics/Honours/Honours with Research),UG,management-commerce,3-4 years,Bengaluru (Central/Kengeri/Bannerghatta Rd/Yeshwanthpur) — campus not disambiguated by scrape,on-campus,open_to_international,https://christuniversity.in/center/C/IS/apply-tochrist,https://christuniversity.in/our-programmes/All/1,studyinindia,no,,GAP:christ-bachelor-of-business-administration-bba-strategy-and-busines,
christ-university,Bachelor of Business Administration (BBA) Decision Science,UG,management-commerce,3-4 years,Bengaluru (Central/Kengeri/Bannerghatta Rd/Yeshwanthpur) — campus not disambiguated by scrape,on-campus,open_to_international,https://christuniversity.in/center/C/IS/apply-tochrist,https://christuniversity.in/our-programmes/All/1,studyinindia,no,,GAP:christ-bachelor-of-business-administration-bba-decision-science,
christ-university,Bachelor of Commerce (Accountancy and Taxation/Honours/Honours with Research),UG,management-commerce,3-4 years,Bengaluru (Central/Kengeri/Bannerghatta Rd/Yeshwanthpur) — campus not disambiguated by scrape,on-campus,open_to_international,https://christuniversity.in/center/C/IS/apply-tochrist,https://christuniversity.in/our-programmes/All/1,studyinindia,no,,GAP:christ-bachelor-of-commerce-accountancy-and-taxation-honours-honour,
christ-university,Bachelor of Commerce (Applied Finance and Analytics/Honours/Honours with Research),UG,management-commerce,3-4 years,Bengaluru (Central/Kengeri/Bannerghatta Rd/Yeshwanthpur) — campus not disambiguated by scrape,on-campus,open_to_international,https://christuniversity.in/center/C/IS/apply-tochrist,https://christuniversity.in/our-programmes/All/1,studyinindia,no,,GAP:christ-bachelor-of-commerce-applied-finance-and-analytics-honours-h,
christ-university,Bachelor of Commerce (Branding and Entrepreneurship),UG,management-commerce,3-4 years,Bengaluru (Central/Kengeri/Bannerghatta Rd/Yeshwanthpur) — campus not disambiguated by scrape,on-campus,open_to_international,https://christuniversity.in/center/C/IS/apply-tochrist,https://christuniversity.in/our-programmes/All/1,studyinindia,no,,GAP:christ-bachelor-of-commerce-branding-and-entrepreneurship,
christ-university,Bachelor of Commerce (Finance and Accountancy/Honours/Honours with Research),UG,management-commerce,3-4 years,Bengaluru (Central/Kengeri/Bannerghatta Rd/Yeshwanthpur) — campus not disambiguated by scrape,on-campus,open_to_international,https://christuniversity.in/center/C/IS/apply-tochrist,https://christuniversity.in/our-programmes/All/1,studyinindia,no,,GAP:christ-bachelor-of-commerce-finance-and-accountancy-honours-honours,
christ-university,Bachelor of Commerce (Finance and Investment/Honours/Honours with Research),UG,management-commerce,3-4 years,Bengaluru (Central/Kengeri/Bannerghatta Rd/Yeshwanthpur) — campus not disambiguated by scrape,on-campus,open_to_international,https://christuniversity.in/center/C/IS/apply-tochrist,https://christuniversity.in/our-programmes/All/1,studyinindia,no,,GAP:christ-bachelor-of-commerce-finance-and-investment-honours-honours-,
christ-university,Bachelor of Commerce (Global Management Accounting and Strategy) (Integrated with CIMA UK) - Currently known as (BCom Professional),UG,management-commerce,3-4 years,Bengaluru (Central/Kengeri/Bannerghatta Rd/Yeshwanthpur) — campus not disambiguated by scrape,on-campus,open_to_international,https://christuniversity.in/center/C/IS/apply-tochrist,https://christuniversity.in/our-programmes/All/1,studyinindia,no,,GAP:christ-bachelor-of-commerce-global-management-accounting-and-strate,
christ-university,Bachelor of Commerce (Honours/Honours with Research),UG,management-commerce,3-4 years,Bengaluru (Central/Kengeri/Bannerghatta Rd/Yeshwanthpur) — campus not disambiguated by scrape,on-campus,open_to_international,https://christuniversity.in/center/C/IS/apply-tochrist,https://christuniversity.in/our-programmes/All/1,studyinindia,no,,GAP:christ-bachelor-of-commerce-honours-honours-with-research,
christ-university,Bachelor of Commerce (International Accountancy and Finance) - Previously known as BBA (Finance and Accountancy),UG,management-commerce,3-4 years,Bengaluru (Central/Kengeri/Bannerghatta Rd/Yeshwanthpur) — campus not disambiguated by scrape,on-campus,open_to_international,https://christuniversity.in/center/C/IS/apply-tochrist,https://christuniversity.in/our-programmes/All/1,studyinindia,no,,GAP:christ-bachelor-of-commerce-international-accountancy-and-finance-p,
christ-university,Bachelor of Commerce (International Business Accounting/Honours/Honours with Research) (Integrated with CPA Australia),UG,management-commerce,3-4 years,Bengaluru (Central/Kengeri/Bannerghatta Rd/Yeshwanthpur) — campus not disambiguated by scrape,on-campus,open_to_international,https://christuniversity.in/center/C/IS/apply-tochrist,https://christuniversity.in/our-programmes/All/1,studyinindia,no,,GAP:christ-bachelor-of-commerce-international-business-accounting-honou,
christ-university,Bachelor of Commerce (International Finance/Honours/Honours with Research),UG,management-commerce,3-4 years,Bengaluru (Central/Kengeri/Bannerghatta Rd/Yeshwanthpur) — campus not disambiguated by scrape,on-campus,open_to_international,https://christuniversity.in/center/C/IS/apply-tochrist,https://christuniversity.in/our-programmes/All/1,studyinindia,no,,GAP:christ-bachelor-of-commerce-international-finance-honours-honours-w,
christ-university,Bachelor of Commerce (Strategic Finance/Honours/Honours with Research),UG,management-commerce,3-4 years,Bengaluru (Central/Kengeri/Bannerghatta Rd/Yeshwanthpur) — campus not disambiguated by scrape,on-campus,open_to_international,https://christuniversity.in/center/C/IS/apply-tochrist,https://christuniversity.in/our-programmes/All/1,studyinindia,no,,GAP:christ-bachelor-of-commerce-strategic-finance-honours-honours-with-,
christ-university,Bachelor of Commerce (Work Integrated),UG,management-commerce,3-4 years,Bengaluru (Central/Kengeri/Bannerghatta Rd/Yeshwanthpur) — campus not disambiguated by scrape,on-campus,open_to_international,https://christuniversity.in/center/C/IS/apply-tochrist,https://christuniversity.in/our-programmes/All/1,studyinindia,no,,GAP:christ-bachelor-of-commerce-work-integrated,
christ-university,Bachelor of Computer Applications (BCA/Honours/Honours with research),UG,computer-science-it,3-4 years,Bengaluru (Central/Kengeri/Bannerghatta Rd/Yeshwanthpur) — campus not disambiguated by scrape,on-campus,open_to_international,https://christuniversity.in/center/C/IS/apply-tochrist,https://christuniversity.in/our-programmes/All/1,studyinindia,no,,GAP:christ-bachelor-of-computer-applications-bca-honours-honours-with-r,
christ-university,Bachelor of Education (BEd),UG,education,3-4 years,Bengaluru (Central/Kengeri/Bannerghatta Rd/Yeshwanthpur) — campus not disambiguated by scrape,on-campus,open_to_international,https://christuniversity.in/center/C/IS/apply-tochrist,https://christuniversity.in/our-programmes/All/1,studyinindia,no,,GAP:christ-bachelor-of-education-bed,
christ-university,Bachelor of Hotel Management (BHM),UG,hospitality,3-4 years,Bengaluru (Central/Kengeri/Bannerghatta Rd/Yeshwanthpur) — campus not disambiguated by scrape,on-campus,open_to_international,https://christuniversity.in/center/C/IS/apply-tochrist,https://christuniversity.in/our-programmes/All/1,studyinindia,no,,GAP:christ-bachelor-of-hotel-management-bhm,
christ-university,Bachelor of Law (BA LLB) (Honours),UG,law,3-4 years,Bengaluru (Central/Kengeri/Bannerghatta Rd/Yeshwanthpur) — campus not disambiguated by scrape,on-campus,open_to_international,https://christuniversity.in/center/C/IS/apply-tochrist,https://christuniversity.in/our-programmes/All/1,studyinindia,no,,GAP:christ-bachelor-of-law-ba-llb-honours,
christ-university,Bachelor of Law (BBA LLB) (Honours),UG,management-commerce,3-4 years,Bengaluru (Central/Kengeri/Bannerghatta Rd/Yeshwanthpur) — campus not disambiguated by scrape,on-campus,open_to_international,https://christuniversity.in/center/C/IS/apply-tochrist,https://christuniversity.in/our-programmes/All/1,studyinindia,no,,GAP:christ-bachelor-of-law-bba-llb-honours,
christ-university,"Bachelor of Science (Biotechnology, Botany/Honours/Honours with Research)",UG,arts-sciences-other,3-4 years,Bengaluru (Central/Kengeri/Bannerghatta Rd/Yeshwanthpur) — campus not disambiguated by scrape,on-campus,open_to_international,https://christuniversity.in/center/C/IS/apply-tochrist,https://christuniversity.in/our-programmes/All/1,studyinindia,no,,GAP:christ-bachelor-of-science-biotechnology-botany-honours-honours-wit,
christ-university,Bachelor of Science (Accountancy and Analytics / Honours) Integrated Masters Programme,Integrated,management-commerce,5 years,Bengaluru (Central/Kengeri/Bannerghatta Rd/Yeshwanthpur) — campus not disambiguated by scrape,on-campus,open_to_international,https://christuniversity.in/center/C/IS/apply-tochrist,https://christuniversity.in/our-programmes/All/1,studyinindia,no,,GAP:christ-bachelor-of-science-accountancy-and-analytics-honours-integr,
christ-university,"Bachelor of Science (Biotechnology, Chemistry/Honours/Honours with Research)",UG,arts-sciences-other,3-4 years,Bengaluru (Central/Kengeri/Bannerghatta Rd/Yeshwanthpur) — campus not disambiguated by scrape,on-campus,open_to_international,https://christuniversity.in/center/C/IS/apply-tochrist,https://christuniversity.in/our-programmes/All/1,studyinindia,no,,GAP:christ-bachelor-of-science-biotechnology-chemistry-honours-honours-,
christ-university,"Bachelor of Science (Biotechnology, Forensic Science/ Honours/Honours with Research)",UG,arts-sciences-other,3-4 years,Bengaluru (Central/Kengeri/Bannerghatta Rd/Yeshwanthpur) — campus not disambiguated by scrape,on-campus,open_to_international,https://christuniversity.in/center/C/IS/apply-tochrist,https://christuniversity.in/our-programmes/All/1,studyinindia,no,,GAP:christ-bachelor-of-science-biotechnology-forensic-science-honours-h,
christ-university,"Bachelor of Science (Biotechnology, Zoology/Honours/Honours with Research)",UG,arts-sciences-other,3-4 years,Bengaluru (Central/Kengeri/Bannerghatta Rd/Yeshwanthpur) — campus not disambiguated by scrape,on-campus,open_to_international,https://christuniversity.in/center/C/IS/apply-tochrist,https://christuniversity.in/our-programmes/All/1,studyinindia,no,,GAP:christ-bachelor-of-science-biotechnology-zoology-honours-honours-wi,
christ-university,"Bachelor of Science (Chemistry, Zoology/Honours/Honours with Research) (with Minor in Forensic Science)",UG,arts-sciences-other,3-4 years,Bengaluru (Central/Kengeri/Bannerghatta Rd/Yeshwanthpur) — campus not disambiguated by scrape,on-campus,open_to_international,https://christuniversity.in/center/C/IS/apply-tochrist,https://christuniversity.in/our-programmes/All/1,studyinindia,no,,GAP:christ-bachelor-of-science-chemistry-zoology-honours-honours-with-r,
christ-university,"Bachelor of Science (Computer Science, Mathematics/Honours/Honours with Research)",UG,computer-science-it,3-4 years,Bengaluru (Central/Kengeri/Bannerghatta Rd/Yeshwanthpur) — campus not disambiguated by scrape,on-campus,open_to_international,https://christuniversity.in/center/C/IS/apply-tochrist,https://christuniversity.in/our-programmes/All/1,studyinindia,no,,GAP:christ-bachelor-of-science-computer-science-mathematics-honours-hon,
christ-university,"Bachelor of Science (Computer Science, Statistics/Honours/Honours with Research)",UG,computer-science-it,3-4 years,Bengaluru (Central/Kengeri/Bannerghatta Rd/Yeshwanthpur) — campus not disambiguated by scrape,on-campus,open_to_international,https://christuniversity.in/center/C/IS/apply-tochrist,https://christuniversity.in/our-programmes/All/1,studyinindia,no,,GAP:christ-bachelor-of-science-computer-science-statistics-honours-hono,
christ-university,"Bachelor of Science (Data Science, Statistics/Honours/Honours with Research)",UG,computer-science-it,3-4 years,Bengaluru (Central/Kengeri/Bannerghatta Rd/Yeshwanthpur) — campus not disambiguated by scrape,on-campus,open_to_international,https://christuniversity.in/center/C/IS/apply-tochrist,https://christuniversity.in/our-programmes/All/1,studyinindia,no,,GAP:christ-bachelor-of-science-data-science-statistics-honours-honours-,
christ-university,Bachelor of Science (Economics with Data Science/Honours/Honours with Research),UG,computer-science-it,3-4 years,Bengaluru (Central/Kengeri/Bannerghatta Rd/Yeshwanthpur) — campus not disambiguated by scrape,on-campus,open_to_international,https://christuniversity.in/center/C/IS/apply-tochrist,https://christuniversity.in/our-programmes/All/1,studyinindia,no,,GAP:christ-bachelor-of-science-economics-with-data-science-honours-hono,
christ-university,"Bachelor of Science (Economics, Mathematics, Statistics/Econometrics Honours/Honours with Research)",UG,arts-sciences-other,3-4 years,Bengaluru (Central/Kengeri/Bannerghatta Rd/Yeshwanthpur) — campus not disambiguated by scrape,on-campus,open_to_international,https://christuniversity.in/center/C/IS/apply-tochrist,https://christuniversity.in/our-programmes/All/1,studyinindia,no,,GAP:christ-bachelor-of-science-economics-mathematics-statistics-econome,
christ-university,Bachelor of Science (Life Sciences/Honours/Honours with Research),UG,arts-sciences-other,3-4 years,Bengaluru (Central/Kengeri/Bannerghatta Rd/Yeshwanthpur) — campus not disambiguated by scrape,on-campus,open_to_international,https://christuniversity.in/center/C/IS/apply-tochrist,https://christuniversity.in/our-programmes/All/1,studyinindia,no,,GAP:christ-bachelor-of-science-life-sciences-honours-honours-with-resea,
christ-university,Bachelor of Science (Media with Computer Science/Honours/Honours with Research),UG,computer-science-it,3-4 years,Bengaluru (Central/Kengeri/Bannerghatta Rd/Yeshwanthpur) — campus not disambiguated by scrape,on-campus,open_to_international,https://christuniversity.in/center/C/IS/apply-tochrist,https://christuniversity.in/our-programmes/All/1,studyinindia,no,,GAP:christ-bachelor-of-science-media-with-computer-science-honours-hono,
christ-university,"Bachelor of Science (Physics, Chemistry, Mathematics/Honours/Honours with Research)",UG,arts-sciences-other,3-4 years,Bengaluru (Central/Kengeri/Bannerghatta Rd/Yeshwanthpur) — campus not disambiguated by scrape,on-campus,open_to_international,https://christuniversity.in/center/C/IS/apply-tochrist,https://christuniversity.in/our-programmes/All/1,studyinindia,no,,GAP:christ-bachelor-of-science-physics-chemistry-mathematics-honours-ho,
christ-university,"Bachelor of Science (Physics, Mathematics Honours/Honours with Research) with minor in Astrophysics",UG,arts-sciences-other,3-4 years,Bengaluru (Central/Kengeri/Bannerghatta Rd/Yeshwanthpur) — campus not disambiguated by scrape,on-campus,open_to_international,https://christuniversity.in/center/C/IS/apply-tochrist,https://christuniversity.in/our-programmes/All/1,studyinindia,no,,GAP:christ-bachelor-of-science-physics-mathematics-honours-honours-with,
christ-university,Bachelor of Science (Psychology/Honours/Honours with Research),UG,psychology-social-work,3-4 years,Bengaluru (Central/Kengeri/Bannerghatta Rd/Yeshwanthpur) — campus not disambiguated by scrape,on-campus,open_to_international,https://christuniversity.in/center/C/IS/apply-tochrist,https://christuniversity.in/our-programmes/All/1,studyinindia,no,,GAP:christ-bachelor-of-science-psychology-honours-honours-with-research,
christ-university,Bachelor of Science Actuarial Science,UG,arts-sciences-other,3-4 years,Bengaluru (Central/Kengeri/Bannerghatta Rd/Yeshwanthpur) — campus not disambiguated by scrape,on-campus,open_to_international,https://christuniversity.in/center/C/IS/apply-tochrist,https://christuniversity.in/our-programmes/All/1,studyinindia,no,,GAP:christ-bachelor-of-science-actuarial-science,
christ-university,Bachelor of Science Clinical Psychology (Recognised by RCI),UG,psychology-social-work,3-4 years,Bengaluru (Central/Kengeri/Bannerghatta Rd/Yeshwanthpur) — campus not disambiguated by scrape,on-campus,open_to_international,https://christuniversity.in/center/C/IS/apply-tochrist,https://christuniversity.in/our-programmes/All/1,studyinindia,no,,GAP:christ-bachelor-of-science-clinical-psychology-recognised-by-rci,
christ-university,Bachelor of Technology (BTech) (Automotive Technology),UG,engineering,3-4 years,Bengaluru (Central/Kengeri/Bannerghatta Rd/Yeshwanthpur) — campus not disambiguated by scrape,on-campus,open_to_international,https://christuniversity.in/center/C/IS/apply-tochrist,https://christuniversity.in/our-programmes/All/1,studyinindia,no,,GAP:christ-bachelor-of-technology-btech-automotive-technology,
christ-university,Bachelor of Technology (BTech) (Computer Science and Engineering - Artificial Intelligence and Machine Learning),UG,engineering,3-4 years,Bengaluru (Central/Kengeri/Bannerghatta Rd/Yeshwanthpur) — campus not disambiguated by scrape,on-campus,open_to_international,https://christuniversity.in/center/C/IS/apply-tochrist,https://christuniversity.in/our-programmes/All/1,studyinindia,no,,GAP:christ-bachelor-of-technology-btech-computer-science-and-engineerin,
christ-university,Bachelor of Technology (BTech) (Computer Science and Engineering - Artificial Intelligence and Machine Learning) - (Lateral Entry),UG,engineering,3-4 years,Bengaluru (Central/Kengeri/Bannerghatta Rd/Yeshwanthpur) — campus not disambiguated by scrape,on-campus,open_to_international,https://christuniversity.in/center/C/IS/apply-tochrist,https://christuniversity.in/our-programmes/All/1,studyinindia,no,,GAP:christ-bachelor-of-technology-btech-computer-science-and-engineerin,
christ-university,Bachelor of Technology (BTech) (Computer Science and Engineering - Cyber Security),UG,engineering,3-4 years,Bengaluru (Central/Kengeri/Bannerghatta Rd/Yeshwanthpur) — campus not disambiguated by scrape,on-campus,open_to_international,https://christuniversity.in/center/C/IS/apply-tochrist,https://christuniversity.in/our-programmes/All/1,studyinindia,no,,GAP:christ-bachelor-of-technology-btech-computer-science-and-engineerin,
christ-university,Bachelor of Technology (BTech) (Computer Science and Engineering - Data Science),UG,engineering,3-4 years,Bengaluru (Central/Kengeri/Bannerghatta Rd/Yeshwanthpur) — campus not disambiguated by scrape,on-campus,open_to_international,https://christuniversity.in/center/C/IS/apply-tochrist,https://christuniversity.in/our-programmes/All/1,studyinindia,no,,GAP:christ-bachelor-of-technology-btech-computer-science-and-engineerin,
christ-university,Bachelor of Technology (BTech) (Computer Science and Engineering - Data Science) - (Lateral Entry),UG,engineering,3-4 years,Bengaluru (Central/Kengeri/Bannerghatta Rd/Yeshwanthpur) — campus not disambiguated by scrape,on-campus,open_to_international,https://christuniversity.in/center/C/IS/apply-tochrist,https://christuniversity.in/our-programmes/All/1,studyinindia,no,,GAP:christ-bachelor-of-technology-btech-computer-science-and-engineerin,
christ-university,Bachelor of Technology (BTech) (Computer Science and Engineering - IoT),UG,engineering,3-4 years,Bengaluru (Central/Kengeri/Bannerghatta Rd/Yeshwanthpur) — campus not disambiguated by scrape,on-campus,open_to_international,https://christuniversity.in/center/C/IS/apply-tochrist,https://christuniversity.in/our-programmes/All/1,studyinindia,no,,GAP:christ-bachelor-of-technology-btech-computer-science-and-engineerin,
christ-university,Bachelor of Technology (BTech) (Computer Science and Engineering - IoT) - (Lateral Entry),UG,engineering,3-4 years,Bengaluru (Central/Kengeri/Bannerghatta Rd/Yeshwanthpur) — campus not disambiguated by scrape,on-campus,open_to_international,https://christuniversity.in/center/C/IS/apply-tochrist,https://christuniversity.in/our-programmes/All/1,studyinindia,no,,GAP:christ-bachelor-of-technology-btech-computer-science-and-engineerin,
christ-university,Bachelor of Technology (BTech) Artificial Intelligence and Machine Learning,UG,engineering,3-4 years,Bengaluru (Central/Kengeri/Bannerghatta Rd/Yeshwanthpur) — campus not disambiguated by scrape,on-campus,open_to_international,https://christuniversity.in/center/C/IS/apply-tochrist,https://christuniversity.in/our-programmes/All/1,studyinindia,no,,GAP:christ-bachelor-of-technology-btech-artificial-intelligence-and-mac,
christ-university,Bachelor of Technology (BTech) Automobile Engineering,UG,engineering,3-4 years,Bengaluru (Central/Kengeri/Bannerghatta Rd/Yeshwanthpur) — campus not disambiguated by scrape,on-campus,open_to_international,https://christuniversity.in/center/C/IS/apply-tochrist,https://christuniversity.in/our-programmes/All/1,studyinindia,no,,GAP:christ-bachelor-of-technology-btech-automobile-engineering,
christ-university,Bachelor of Technology (BTech) Automotive Technology (Lateral Entry),UG,engineering,3-4 years,Bengaluru (Central/Kengeri/Bannerghatta Rd/Yeshwanthpur) — campus not disambiguated by scrape,on-campus,open_to_international,https://christuniversity.in/center/C/IS/apply-tochrist,https://christuniversity.in/our-programmes/All/1,studyinindia,no,,GAP:christ-bachelor-of-technology-btech-automotive-technology-lateral-e,
christ-university,Bachelor of Technology (BTech) Civil Engineering (Lateral Entry),UG,engineering,3-4 years,Bengaluru (Central/Kengeri/Bannerghatta Rd/Yeshwanthpur) — campus not disambiguated by scrape,on-campus,open_to_international,https://christuniversity.in/center/C/IS/apply-tochrist,https://christuniversity.in/our-programmes/All/1,studyinindia,no,,GAP:christ-bachelor-of-technology-btech-civil-engineering-lateral-entry,
christ-university,Bachelor of Technology (BTech) Computer Science and Engineering,UG,engineering,3-4 years,Bengaluru (Central/Kengeri/Bannerghatta Rd/Yeshwanthpur) — campus not disambiguated by scrape,on-campus,open_to_international,https://christuniversity.in/center/C/IS/apply-tochrist,https://christuniversity.in/our-programmes/All/1,studyinindia,yes,christ-btech-computer-science-engineering,be-btech-computer-science-engineering,
christ-university,Bachelor of Technology (BTech) Computer Science and Engineering (Lateral Entry),UG,engineering,3-4 years,Bengaluru (Central/Kengeri/Bannerghatta Rd/Yeshwanthpur) — campus not disambiguated by scrape,on-campus,open_to_international,https://christuniversity.in/center/C/IS/apply-tochrist,https://christuniversity.in/our-programmes/All/1,studyinindia,no,,GAP:christ-bachelor-of-technology-btech-computer-science-and-engineerin,
christ-university,Bachelor of Technology (BTech) Electrical and Electronics Engineering,UG,engineering,3-4 years,Bengaluru (Central/Kengeri/Bannerghatta Rd/Yeshwanthpur) — campus not disambiguated by scrape,on-campus,open_to_international,https://christuniversity.in/center/C/IS/apply-tochrist,https://christuniversity.in/our-programmes/All/1,studyinindia,yes,christ-btech-electrical-electronics-engineering,be-btech-electrical-electronics-engineering,
christ-university,Bachelor of Technology (BTech) Electrical and Electronics Engineering (Lateral Entry),UG,engineering,3-4 years,Bengaluru (Central/Kengeri/Bannerghatta Rd/Yeshwanthpur) — campus not disambiguated by scrape,on-campus,open_to_international,https://christuniversity.in/center/C/IS/apply-tochrist,https://christuniversity.in/our-programmes/All/1,studyinindia,no,,GAP:christ-bachelor-of-technology-btech-electrical-and-electronics-engi,
christ-university,Bachelor of Technology (BTech) Electronics and Communication Engineering,UG,engineering,3-4 years,Bengaluru (Central/Kengeri/Bannerghatta Rd/Yeshwanthpur) — campus not disambiguated by scrape,on-campus,open_to_international,https://christuniversity.in/center/C/IS/apply-tochrist,https://christuniversity.in/our-programmes/All/1,studyinindia,no,,GAP:christ-bachelor-of-technology-btech-electronics-and-communication-e,
christ-university,Bachelor of Technology (BTech) Electronics and Communication Engineering (Lateral Entry),UG,engineering,3-4 years,Bengaluru (Central/Kengeri/Bannerghatta Rd/Yeshwanthpur) — campus not disambiguated by scrape,on-campus,open_to_international,https://christuniversity.in/center/C/IS/apply-tochrist,https://christuniversity.in/our-programmes/All/1,studyinindia,no,,GAP:christ-bachelor-of-technology-btech-electronics-and-communication-e,
christ-university,Bachelor of Technology (BTech) in Electronics and Computer Engineering (with Spl. in Artificial Intelligence and Machine Learning),UG,engineering,3-4 years,Bengaluru (Central/Kengeri/Bannerghatta Rd/Yeshwanthpur) — campus not disambiguated by scrape,on-campus,open_to_international,https://christuniversity.in/center/C/IS/apply-tochrist,https://christuniversity.in/our-programmes/All/1,studyinindia,no,,GAP:christ-bachelor-of-technology-btech-in-electronics-and-computer-eng,
christ-university,Bachelor of Technology (BTech) in Electronics and Computer Engineering (with Spl. in Artificial Intelligence and Machine Learning) - (Lateral Entry),UG,engineering,3-4 years,Bengaluru (Central/Kengeri/Bannerghatta Rd/Yeshwanthpur) — campus not disambiguated by scrape,on-campus,open_to_international,https://christuniversity.in/center/C/IS/apply-tochrist,https://christuniversity.in/our-programmes/All/1,studyinindia,no,,GAP:christ-bachelor-of-technology-btech-in-electronics-and-computer-eng,
christ-university,Bachelor of Technology (BTech) Mechanical Engineering,UG,engineering,3-4 years,Bengaluru (Central/Kengeri/Bannerghatta Rd/Yeshwanthpur) — campus not disambiguated by scrape,on-campus,open_to_international,https://christuniversity.in/center/C/IS/apply-tochrist,https://christuniversity.in/our-programmes/All/1,studyinindia,yes,christ-btech-mechanical-engineering,be-btech-mechanical-engineering,
christ-university,Bachelor of Technology (BTech) Mechanical Engineering (Lateral Entry),UG,engineering,3-4 years,Bengaluru (Central/Kengeri/Bannerghatta Rd/Yeshwanthpur) — campus not disambiguated by scrape,on-campus,open_to_international,https://christuniversity.in/center/C/IS/apply-tochrist,https://christuniversity.in/our-programmes/All/1,studyinindia,no,,GAP:christ-bachelor-of-technology-btech-mechanical-engineering-lateral-,
christ-university,Bachelor of Technology (BTech) Robotics and Mechatronics,UG,engineering,3-4 years,Bengaluru (Central/Kengeri/Bannerghatta Rd/Yeshwanthpur) — campus not disambiguated by scrape,on-campus,open_to_international,https://christuniversity.in/center/C/IS/apply-tochrist,https://christuniversity.in/our-programmes/All/1,studyinindia,no,,GAP:christ-bachelor-of-technology-btech-robotics-and-mechatronics,
christ-university,Bachelor of Technology (BTech) Robotics and Mechatronics - (Lateral Entry),UG,engineering,3-4 years,Bengaluru (Central/Kengeri/Bannerghatta Rd/Yeshwanthpur) — campus not disambiguated by scrape,on-campus,open_to_international,https://christuniversity.in/center/C/IS/apply-tochrist,https://christuniversity.in/our-programmes/All/1,studyinindia,no,,GAP:christ-bachelor-of-technology-btech-robotics-and-mechatronics-later,
christ-university,BBA (Finance and Marketing Analytics/Honours/Honours with Research),UG,management-commerce,3-4 years,Bengaluru (Central/Kengeri/Bannerghatta Rd/Yeshwanthpur) — campus not disambiguated by scrape,on-campus,open_to_international,https://christuniversity.in/center/C/IS/apply-tochrist,https://christuniversity.in/our-programmes/All/1,studyinindia,no,,GAP:christ-bba-finance-and-marketing-analytics-honours-honours-with-res,
christ-university,BBA (FinTech/Honours/Honours with Research),UG,management-commerce,3-4 years,Bengaluru (Central/Kengeri/Bannerghatta Rd/Yeshwanthpur) — campus not disambiguated by scrape,on-campus,open_to_international,https://christuniversity.in/center/C/IS/apply-tochrist,https://christuniversity.in/our-programmes/All/1,studyinindia,no,,GAP:christ-bba-fintech-honours-honours-with-research,
christ-university,BBA (Honours/Honours with Research),UG,management-commerce,3-4 years,Bengaluru (Central/Kengeri/Bannerghatta Rd/Yeshwanthpur) — campus not disambiguated by scrape,on-campus,open_to_international,https://christuniversity.in/center/C/IS/apply-tochrist,https://christuniversity.in/our-programmes/All/1,studyinindia,no,,GAP:christ-bba-honours-honours-with-research,
christ-university,BBA (Marketing and Supply Chain Management Honours/Honours with Research),UG,management-commerce,3-4 years,Bengaluru (Central/Kengeri/Bannerghatta Rd/Yeshwanthpur) — campus not disambiguated by scrape,on-campus,open_to_international,https://christuniversity.in/center/C/IS/apply-tochrist,https://christuniversity.in/our-programmes/All/1,studyinindia,no,,GAP:christ-bba-marketing-and-supply-chain-management-honours-honours-wi,
christ-university,BBA (Strategy and Business Analytics/Honours/Honours with Research),UG,management-commerce,3-4 years,Bengaluru (Central/Kengeri/Bannerghatta Rd/Yeshwanthpur) — campus not disambiguated by scrape,on-campus,open_to_international,https://christuniversity.in/center/C/IS/apply-tochrist,https://christuniversity.in/our-programmes/All/1,studyinindia,no,,GAP:christ-bba-strategy-and-business-analytics-honours-honours-with-res,
christ-university,BCA (Honours/Honours with Research),UG,computer-science-it,3-4 years,Bengaluru (Central/Kengeri/Bannerghatta Rd/Yeshwanthpur) — campus not disambiguated by scrape,on-campus,open_to_international,https://christuniversity.in/center/C/IS/apply-tochrist,https://christuniversity.in/our-programmes/All/1,studyinindia,no,,GAP:christ-bca-honours-honours-with-research,
christ-university,BCom (Accountancy and Auditing/Honours/Honours with Research) Integrated with CA,UG,management-commerce,3-4 years,Bengaluru (Central/Kengeri/Bannerghatta Rd/Yeshwanthpur) — campus not disambiguated by scrape,on-campus,open_to_international,https://christuniversity.in/center/C/IS/apply-tochrist,https://christuniversity.in/our-programmes/All/1,studyinindia,no,,GAP:christ-bcom-accountancy-and-auditing-honours-honours-with-research-,
christ-university,BCom (Applied Finance and Analytics/Honours/Honours with Research),UG,management-commerce,3-4 years,Bengaluru (Central/Kengeri/Bannerghatta Rd/Yeshwanthpur) — campus not disambiguated by scrape,on-campus,open_to_international,https://christuniversity.in/center/C/IS/apply-tochrist,https://christuniversity.in/our-programmes/All/1,studyinindia,no,,GAP:christ-bcom-applied-finance-and-analytics-honours-honours-with-rese,
christ-university,BCom (Financial Analytics) - (This programme is offered as Industry Integrated with NAL Academy),UG,management-commerce,3-4 years,Bengaluru (Central/Kengeri/Bannerghatta Rd/Yeshwanthpur) — campus not disambiguated by scrape,on-campus,open_to_international,https://christuniversity.in/center/C/IS/apply-tochrist,https://christuniversity.in/our-programmes/All/1,studyinindia,no,,GAP:christ-bcom-financial-analytics-this-programme-is-offered-as-indust,
christ-university,BCom (Honours/Honours with Research),UG,management-commerce,3-4 years,Bengaluru (Central/Kengeri/Bannerghatta Rd/Yeshwanthpur) — campus not disambiguated by scrape,on-campus,open_to_international,https://christuniversity.in/center/C/IS/apply-tochrist,https://christuniversity.in/our-programmes/All/1,studyinindia,no,,GAP:christ-bcom-honours-honours-with-research,
christ-university,BCOM (International Accountancy and Finance/Honours/Honours with Research),UG,management-commerce,3-4 years,Bengaluru (Central/Kengeri/Bannerghatta Rd/Yeshwanthpur) — campus not disambiguated by scrape,on-campus,open_to_international,https://christuniversity.in/center/C/IS/apply-tochrist,https://christuniversity.in/our-programmes/All/1,studyinindia,no,,GAP:christ-bcom-international-accountancy-and-finance-honours-honours-w,
christ-university,"BSc (Computer Science, Data Science/Honours/Honours with Research)",UG,computer-science-it,3-4 years,Bengaluru (Central/Kengeri/Bannerghatta Rd/Yeshwanthpur) — campus not disambiguated by scrape,on-campus,open_to_international,https://christuniversity.in/center/C/IS/apply-tochrist,https://christuniversity.in/our-programmes/All/1,studyinindia,no,,GAP:christ-bsc-computer-science-data-science-honours-honours-with-resea,
christ-university,BSc (Data Science and Artificial Intelligence/Honours/Honours with Research),UG,computer-science-it,3-4 years,Bengaluru (Central/Kengeri/Bannerghatta Rd/Yeshwanthpur) — campus not disambiguated by scrape,on-campus,open_to_international,https://christuniversity.in/center/C/IS/apply-tochrist,https://christuniversity.in/our-programmes/All/1,studyinindia,no,,GAP:christ-bsc-data-science-and-artificial-intelligence-honours-honours,
christ-university,"BSc (Economics, Data Analytics /Honours/Honours with Research)",UG,management-commerce,3-4 years,Bengaluru (Central/Kengeri/Bannerghatta Rd/Yeshwanthpur) — campus not disambiguated by scrape,on-campus,open_to_international,https://christuniversity.in/center/C/IS/apply-tochrist,https://christuniversity.in/our-programmes/All/1,studyinindia,no,,GAP:christ-bsc-economics-data-analytics-honours-honours-with-research,
christ-university,"BSc (Economics, Statistics/Honours/Honours with Research)",UG,arts-sciences-other,3-4 years,Bengaluru (Central/Kengeri/Bannerghatta Rd/Yeshwanthpur) — campus not disambiguated by scrape,on-campus,open_to_international,https://christuniversity.in/center/C/IS/apply-tochrist,https://christuniversity.in/our-programmes/All/1,studyinindia,no,,GAP:christ-bsc-economics-statistics-honours-honours-with-research,
christ-university,BSc (Economics/Honours/Honours with Research),UG,arts-sciences-other,3-4 years,Bengaluru (Central/Kengeri/Bannerghatta Rd/Yeshwanthpur) — campus not disambiguated by scrape,on-campus,open_to_international,https://christuniversity.in/center/C/IS/apply-tochrist,https://christuniversity.in/our-programmes/All/1,studyinindia,no,,GAP:christ-bsc-economics-honours-honours-with-research,
christ-university,"BSc (Psychology, Computer Science/Honours / Honours with Research)",UG,psychology-social-work,3-4 years,Bengaluru (Central/Kengeri/Bannerghatta Rd/Yeshwanthpur) — campus not disambiguated by scrape,on-campus,open_to_international,https://christuniversity.in/center/C/IS/apply-tochrist,https://christuniversity.in/our-programmes/All/1,studyinindia,no,,GAP:christ-bsc-psychology-computer-science-honours-honours-with-researc,
christ-university,BSc (Psychology/Honours/Honours with Research),UG,psychology-social-work,3-4 years,Bengaluru (Central/Kengeri/Bannerghatta Rd/Yeshwanthpur) — campus not disambiguated by scrape,on-campus,open_to_international,https://christuniversity.in/center/C/IS/apply-tochrist,https://christuniversity.in/our-programmes/All/1,studyinindia,no,,GAP:christ-bsc-psychology-honours-honours-with-research,
christ-university,Executive Course on Corporate Social Responsibility and Sustainability,Certificate,arts-sciences-other,varies,Bengaluru (Central/Kengeri/Bannerghatta Rd/Yeshwanthpur) — campus not disambiguated by scrape,on-campus,open_to_international,https://christuniversity.in/center/C/IS/apply-tochrist,https://christuniversity.in/our-programmes/All/1,studyinindia,no,,GAP:christ-executive-course-on-corporate-social-responsibility-and-sust,
christ-university,Indo-German First Year BTech Credit Transfer Program (CHRIST-THWS),Certificate,engineering,varies,Bengaluru (Central/Kengeri/Bannerghatta Rd/Yeshwanthpur) — campus not disambiguated by scrape,on-campus,open_to_international,https://christuniversity.in/center/C/IS/apply-tochrist,https://christuniversity.in/our-programmes/All/1,studyinindia,no,,GAP:christ-indo-german-first-year-btech-credit-transfer-program-christ-,
christ-university,Integrated Master of Business Administration,Integrated,management-commerce,5 years,Bengaluru (Central/Kengeri/Bannerghatta Rd/Yeshwanthpur) — campus not disambiguated by scrape,on-campus,open_to_international,https://christuniversity.in/center/C/IS/apply-tochrist,https://christuniversity.in/our-programmes/All/1,studyinindia,no,,GAP:christ-integrated-master-of-business-administration,
christ-university,Integrated Teacher Education Programme (ITEP) BA BEd,Integrated,education,5 years,Bengaluru (Central/Kengeri/Bannerghatta Rd/Yeshwanthpur) — campus not disambiguated by scrape,on-campus,open_to_international,https://christuniversity.in/center/C/IS/apply-tochrist,https://christuniversity.in/our-programmes/All/1,studyinindia,no,,GAP:christ-integrated-teacher-education-programme-itep-ba-bed,
christ-university,Integrated Teacher Education Programme (ITEP) BSc BEd,Integrated,education,5 years,Bengaluru (Central/Kengeri/Bannerghatta Rd/Yeshwanthpur) — campus not disambiguated by scrape,on-campus,open_to_international,https://christuniversity.in/center/C/IS/apply-tochrist,https://christuniversity.in/our-programmes/All/1,studyinindia,no,,GAP:christ-integrated-teacher-education-programme-itep-bsc-bed,
christ-university,LLM (Corporate and Commercial Law),PG,law,1-2 years,Bengaluru (Central/Kengeri/Bannerghatta Rd/Yeshwanthpur) — campus not disambiguated by scrape,on-campus,open_to_international,https://christuniversity.in/center/C/IS/apply-tochrist,https://christuniversity.in/our-programmes/All/1,studyinindia,no,,GAP:christ-llm-corporate-and-commercial-law,
christ-university,LLM (Intellectual Property and Trade Law) (One year),PG,law,1-2 years,Bengaluru (Central/Kengeri/Bannerghatta Rd/Yeshwanthpur) — campus not disambiguated by scrape,on-campus,open_to_international,https://christuniversity.in/center/C/IS/apply-tochrist,https://christuniversity.in/our-programmes/All/1,studyinindia,no,,GAP:christ-llm-intellectual-property-and-trade-law-one-year,
christ-university,M.Tech in Mechanical Engineering (Specialization in Automotive Systems),PG,engineering,1-2 years,Bengaluru (Central/Kengeri/Bannerghatta Rd/Yeshwanthpur) — campus not disambiguated by scrape,on-campus,open_to_international,https://christuniversity.in/center/C/IS/apply-tochrist,https://christuniversity.in/our-programmes/All/1,studyinindia,no,,GAP:christ-m-tech-in-mechanical-engineering-specialization-in-automotiv,
christ-university,M.Tech in Mechanical Engineering (Specialization in Material Science and Technology),PG,engineering,1-2 years,Bengaluru (Central/Kengeri/Bannerghatta Rd/Yeshwanthpur) — campus not disambiguated by scrape,on-campus,open_to_international,https://christuniversity.in/center/C/IS/apply-tochrist,https://christuniversity.in/our-programmes/All/1,studyinindia,no,,GAP:christ-m-tech-in-mechanical-engineering-specialization-in-material-,
christ-university,M.Tech in Civil Engineering (Specialization in Structural Engineering),PG,engineering,1-2 years,Bengaluru (Central/Kengeri/Bannerghatta Rd/Yeshwanthpur) — campus not disambiguated by scrape,on-campus,open_to_international,https://christuniversity.in/center/C/IS/apply-tochrist,https://christuniversity.in/our-programmes/All/1,studyinindia,no,,GAP:christ-m-tech-in-civil-engineering-specialization-in-structural-eng,
christ-university,M.Tech in Electrical and Electronics Engineering (Specialization in Electric Vehicle Technology),PG,engineering,1-2 years,Bengaluru (Central/Kengeri/Bannerghatta Rd/Yeshwanthpur) — campus not disambiguated by scrape,on-campus,open_to_international,https://christuniversity.in/center/C/IS/apply-tochrist,https://christuniversity.in/our-programmes/All/1,studyinindia,no,,GAP:christ-m-tech-in-electrical-and-electronics-engineering-specializat,
christ-university,M.Tech in Electronics and Communications Engineering (Specialization in VLSI and Embedded Systems),PG,engineering,1-2 years,Bengaluru (Central/Kengeri/Bannerghatta Rd/Yeshwanthpur) — campus not disambiguated by scrape,on-campus,open_to_international,https://christuniversity.in/center/C/IS/apply-tochrist,https://christuniversity.in/our-programmes/All/1,studyinindia,no,,GAP:christ-m-tech-in-electronics-and-communications-engineering-special,
christ-university,M.Tech in Mechanical Engineering (Specialization in Machine Design - Digital Twin),PG,engineering,1-2 years,Bengaluru (Central/Kengeri/Bannerghatta Rd/Yeshwanthpur) — campus not disambiguated by scrape,on-campus,open_to_international,https://christuniversity.in/center/C/IS/apply-tochrist,https://christuniversity.in/our-programmes/All/1,studyinindia,no,,GAP:christ-m-tech-in-mechanical-engineering-specialization-in-machine-d,
christ-university,MA (English with Digital Humanities),PG,arts-sciences-other,1-2 years,Bengaluru (Central/Kengeri/Bannerghatta Rd/Yeshwanthpur) — campus not disambiguated by scrape,on-campus,open_to_international,https://christuniversity.in/center/C/IS/apply-tochrist,https://christuniversity.in/our-programmes/All/1,studyinindia,no,,GAP:christ-ma-english-with-digital-humanities,
christ-university,MA (Performing Arts - Bharatanatyam),PG,arts-sciences-other,1-2 years,Bengaluru (Central/Kengeri/Bannerghatta Rd/Yeshwanthpur) — campus not disambiguated by scrape,on-campus,open_to_international,https://christuniversity.in/center/C/IS/apply-tochrist,https://christuniversity.in/our-programmes/All/1,studyinindia,no,,GAP:christ-ma-performing-arts-bharatanatyam,
christ-university,MA English Studies and Communication,PG,media-communication,1-2 years,Bengaluru (Central/Kengeri/Bannerghatta Rd/Yeshwanthpur) — campus not disambiguated by scrape,on-campus,open_to_international,https://christuniversity.in/center/C/IS/apply-tochrist,https://christuniversity.in/our-programmes/All/1,studyinindia,no,,GAP:christ-ma-english-studies-and-communication,
christ-university,MArch (Urban Design and Development),PG,architecture,1-2 years,Bengaluru (Central/Kengeri/Bannerghatta Rd/Yeshwanthpur) — campus not disambiguated by scrape,on-campus,open_to_international,https://christuniversity.in/center/C/IS/apply-tochrist,https://christuniversity.in/our-programmes/All/1,studyinindia,no,,GAP:christ-march-urban-design-and-development,
christ-university,Master of Arts (Digital Media with Analytics),PG,management-commerce,1-2 years,Bengaluru (Central/Kengeri/Bannerghatta Rd/Yeshwanthpur) — campus not disambiguated by scrape,on-campus,open_to_international,https://christuniversity.in/center/C/IS/apply-tochrist,https://christuniversity.in/our-programmes/All/1,studyinindia,no,,GAP:christ-master-of-arts-digital-media-with-analytics,
christ-university,Master of Arts (Counseling and Spirituality),PG,psychology-social-work,1-2 years,Bengaluru (Central/Kengeri/Bannerghatta Rd/Yeshwanthpur) — campus not disambiguated by scrape,on-campus,open_to_international,https://christuniversity.in/center/C/IS/apply-tochrist,https://christuniversity.in/our-programmes/All/1,studyinindia,no,,GAP:christ-master-of-arts-counseling-and-spirituality,
christ-university,Master of Arts (Philosophy),PG,arts-sciences-other,1-2 years,Bengaluru (Central/Kengeri/Bannerghatta Rd/Yeshwanthpur) — campus not disambiguated by scrape,on-campus,open_to_international,https://christuniversity.in/center/C/IS/apply-tochrist,https://christuniversity.in/our-programmes/All/1,studyinindia,no,,GAP:christ-master-of-arts-philosophy,
christ-university,Master of Arts (Public Policy),PG,arts-sciences-other,1-2 years,Bengaluru (Central/Kengeri/Bannerghatta Rd/Yeshwanthpur) — campus not disambiguated by scrape,on-campus,open_to_international,https://christuniversity.in/center/C/IS/apply-tochrist,https://christuniversity.in/our-programmes/All/1,studyinindia,no,,GAP:christ-master-of-arts-public-policy,
christ-university,Master of Arts (Religion),PG,arts-sciences-other,1-2 years,Bengaluru (Central/Kengeri/Bannerghatta Rd/Yeshwanthpur) — campus not disambiguated by scrape,on-campus,open_to_international,https://christuniversity.in/center/C/IS/apply-tochrist,https://christuniversity.in/our-programmes/All/1,studyinindia,no,,GAP:christ-master-of-arts-religion,
christ-university,Master of Arts Applied Economics,PG,arts-sciences-other,1-2 years,Bengaluru (Central/Kengeri/Bannerghatta Rd/Yeshwanthpur) — campus not disambiguated by scrape,on-campus,open_to_international,https://christuniversity.in/center/C/IS/apply-tochrist,https://christuniversity.in/our-programmes/All/1,studyinindia,no,,GAP:christ-master-of-arts-applied-economics,
christ-university,Master of Arts Applied Linguistics and TESOL,PG,arts-sciences-other,1-2 years,Bengaluru (Central/Kengeri/Bannerghatta Rd/Yeshwanthpur) — campus not disambiguated by scrape,on-campus,open_to_international,https://christuniversity.in/center/C/IS/apply-tochrist,https://christuniversity.in/our-programmes/All/1,studyinindia,no,,GAP:christ-master-of-arts-applied-linguistics-and-tesol,
christ-university,Master of Arts Applied Sociology,PG,arts-sciences-other,1-2 years,Bengaluru (Central/Kengeri/Bannerghatta Rd/Yeshwanthpur) — campus not disambiguated by scrape,on-campus,open_to_international,https://christuniversity.in/center/C/IS/apply-tochrist,https://christuniversity.in/our-programmes/All/1,studyinindia,no,,GAP:christ-master-of-arts-applied-sociology,
christ-university,Master of Arts Clinical Psychology (Recognised by RCI),PG,psychology-social-work,1-2 years,Bengaluru (Central/Kengeri/Bannerghatta Rd/Yeshwanthpur) — campus not disambiguated by scrape,on-campus,open_to_international,https://christuniversity.in/center/C/IS/apply-tochrist,https://christuniversity.in/our-programmes/All/1,studyinindia,no,,GAP:christ-master-of-arts-clinical-psychology-recognised-by-rci,
christ-university,Master of Arts Economics (Interdisciplinary Masters Programme),PG,arts-sciences-other,1-2 years,Bengaluru (Central/Kengeri/Bannerghatta Rd/Yeshwanthpur) — campus not disambiguated by scrape,on-campus,open_to_international,https://christuniversity.in/center/C/IS/apply-tochrist,https://christuniversity.in/our-programmes/All/1,studyinindia,no,,GAP:christ-master-of-arts-economics-interdisciplinary-masters-programme,
christ-university,Master of Arts English and Cultural Studies,PG,arts-sciences-other,1-2 years,Bengaluru (Central/Kengeri/Bannerghatta Rd/Yeshwanthpur) — campus not disambiguated by scrape,on-campus,open_to_international,https://christuniversity.in/center/C/IS/apply-tochrist,https://christuniversity.in/our-programmes/All/1,studyinindia,no,,GAP:christ-master-of-arts-english-and-cultural-studies,
christ-university,Master of Arts English with Communication Studies,PG,media-communication,1-2 years,Bengaluru (Central/Kengeri/Bannerghatta Rd/Yeshwanthpur) — campus not disambiguated by scrape,on-campus,open_to_international,https://christuniversity.in/center/C/IS/apply-tochrist,https://christuniversity.in/our-programmes/All/1,studyinindia,no,,GAP:christ-master-of-arts-english-with-communication-studies,
christ-university,Master of Arts In Educational Leadership And Management International Baccalaureate (IB) Educator Certificate in Leadership Practice,PG,education,1-2 years,Bengaluru (Central/Kengeri/Bannerghatta Rd/Yeshwanthpur) — campus not disambiguated by scrape,on-campus,open_to_international,https://christuniversity.in/center/C/IS/apply-tochrist,https://christuniversity.in/our-programmes/All/1,studyinindia,no,,GAP:christ-master-of-arts-in-educational-leadership-and-management-inte,
christ-university,Master of Arts International Studies,PG,arts-sciences-other,1-2 years,Bengaluru (Central/Kengeri/Bannerghatta Rd/Yeshwanthpur) — campus not disambiguated by scrape,on-campus,open_to_international,https://christuniversity.in/center/C/IS/apply-tochrist,https://christuniversity.in/our-programmes/All/1,studyinindia,no,,GAP:christ-master-of-arts-international-studies,
christ-university,Master of Arts Media and Communication Studies,PG,media-communication,1-2 years,Bengaluru (Central/Kengeri/Bannerghatta Rd/Yeshwanthpur) — campus not disambiguated by scrape,on-campus,open_to_international,https://christuniversity.in/center/C/IS/apply-tochrist,https://christuniversity.in/our-programmes/All/1,studyinindia,yes,christ-ma-media-communication-studies,master-media-communication,
christ-university,Master of Business Administration (MBA) (Executive),PG,management-commerce,1-2 years,Bengaluru (Central/Kengeri/Bannerghatta Rd/Yeshwanthpur) — campus not disambiguated by scrape,on-campus,open_to_international,https://christuniversity.in/center/C/IS/apply-tochrist,https://christuniversity.in/our-programmes/All/1,studyinindia,no,,GAP:christ-master-of-business-administration-mba-executive,
christ-university,Master of Commerce (MCom),PG,management-commerce,1-2 years,Bengaluru (Central/Kengeri/Bannerghatta Rd/Yeshwanthpur) — campus not disambiguated by scrape,on-campus,open_to_international,https://christuniversity.in/center/C/IS/apply-tochrist,https://christuniversity.in/our-programmes/All/1,studyinindia,no,,GAP:christ-master-of-commerce-mcom,
christ-university,Master of Commerce International Finance,PG,management-commerce,1-2 years,Bengaluru (Central/Kengeri/Bannerghatta Rd/Yeshwanthpur) — campus not disambiguated by scrape,on-campus,open_to_international,https://christuniversity.in/center/C/IS/apply-tochrist,https://christuniversity.in/our-programmes/All/1,studyinindia,no,,GAP:christ-master-of-commerce-international-finance,
christ-university,Master of Computer Applications (MCA),PG,computer-science-it,1-2 years,Bengaluru (Central/Kengeri/Bannerghatta Rd/Yeshwanthpur) — campus not disambiguated by scrape,on-campus,open_to_international,https://christuniversity.in/center/C/IS/apply-tochrist,https://christuniversity.in/our-programmes/All/1,studyinindia,no,,GAP:christ-master-of-computer-applications-mca,
christ-university,Master of Law (LLM) Constitutional and Administrative Law,PG,law,1-2 years,Bengaluru (Central/Kengeri/Bannerghatta Rd/Yeshwanthpur) — campus not disambiguated by scrape,on-campus,open_to_international,https://christuniversity.in/center/C/IS/apply-tochrist,https://christuniversity.in/our-programmes/All/1,studyinindia,no,,GAP:christ-master-of-law-llm-constitutional-and-administrative-law,
christ-university,Master of Law (LLM) Corporate and Commercial Law,PG,law,1-2 years,Bengaluru (Central/Kengeri/Bannerghatta Rd/Yeshwanthpur) — campus not disambiguated by scrape,on-campus,open_to_international,https://christuniversity.in/center/C/IS/apply-tochrist,https://christuniversity.in/our-programmes/All/1,studyinindia,no,,GAP:christ-master-of-law-llm-corporate-and-commercial-law,
christ-university,Master of Law (LLM) Intellectual Property and Trade Law,PG,law,1-2 years,Bengaluru (Central/Kengeri/Bannerghatta Rd/Yeshwanthpur) — campus not disambiguated by scrape,on-campus,open_to_international,https://christuniversity.in/center/C/IS/apply-tochrist,https://christuniversity.in/our-programmes/All/1,studyinindia,no,,GAP:christ-master-of-law-llm-intellectual-property-and-trade-law,
christ-university,Master of Science Actuarial Science,PG,arts-sciences-other,1-2 years,Bengaluru (Central/Kengeri/Bannerghatta Rd/Yeshwanthpur) — campus not disambiguated by scrape,on-campus,open_to_international,https://christuniversity.in/center/C/IS/apply-tochrist,https://christuniversity.in/our-programmes/All/1,studyinindia,no,,GAP:christ-master-of-science-actuarial-science,
christ-university,Master of Science (Artificial Intelligence and Cyber Security),PG,computer-science-it,1-2 years,Bengaluru (Central/Kengeri/Bannerghatta Rd/Yeshwanthpur) — campus not disambiguated by scrape,on-campus,open_to_international,https://christuniversity.in/center/C/IS/apply-tochrist,https://christuniversity.in/our-programmes/All/1,studyinindia,no,,GAP:christ-master-of-science-artificial-intelligence-and-cyber-security,
christ-university,Master of Science (Artificial Intelligence and Machine Learning),PG,computer-science-it,1-2 years,Bengaluru (Central/Kengeri/Bannerghatta Rd/Yeshwanthpur) — campus not disambiguated by scrape,on-campus,open_to_international,https://christuniversity.in/center/C/IS/apply-tochrist,https://christuniversity.in/our-programmes/All/1,studyinindia,no,,GAP:christ-master-of-science-artificial-intelligence-and-machine-learni,
christ-university,Master of Science (Behavioural Economics with Data Analytics),PG,management-commerce,1-2 years,Bengaluru (Central/Kengeri/Bannerghatta Rd/Yeshwanthpur) — campus not disambiguated by scrape,on-campus,open_to_international,https://christuniversity.in/center/C/IS/apply-tochrist,https://christuniversity.in/our-programmes/All/1,studyinindia,no,,GAP:christ-master-of-science-behavioural-economics-with-data-analytics,
christ-university,Master of Science (Computational Statistics and Applied AI) Industry Integrated Programme,PG,arts-sciences-other,1-2 years,Bengaluru (Central/Kengeri/Bannerghatta Rd/Yeshwanthpur) — campus not disambiguated by scrape,on-campus,open_to_international,https://christuniversity.in/center/C/IS/apply-tochrist,https://christuniversity.in/our-programmes/All/1,studyinindia,no,,GAP:christ-master-of-science-computational-statistics-and-applied-ai-in,
christ-university,"Master of Science (Data Analytics and Artificial Intelligence) - CHRIST (Deemed to be University) + MA (Data Analytics and Artificial Intelligence), Steinbeis University, Germany",PG,management-commerce,1-2 years,Bengaluru (Central/Kengeri/Bannerghatta Rd/Yeshwanthpur) — campus not disambiguated by scrape,on-campus,open_to_international,https://christuniversity.in/center/C/IS/apply-tochrist,https://christuniversity.in/our-programmes/All/1,studyinindia,no,,GAP:christ-master-of-science-data-analytics-and-artificial-intelligence,
christ-university,Master of Science (Data Science),PG,computer-science-it,1-2 years,Bengaluru (Central/Kengeri/Bannerghatta Rd/Yeshwanthpur) — campus not disambiguated by scrape,on-campus,open_to_international,https://christuniversity.in/center/C/IS/apply-tochrist,https://christuniversity.in/our-programmes/All/1,studyinindia,yes,christ-msc-data-science,msc-data-science,
christ-university,Master of Science (MSc) (Finance and Analytics),PG,management-commerce,1-2 years,Bengaluru (Central/Kengeri/Bannerghatta Rd/Yeshwanthpur) — campus not disambiguated by scrape,on-campus,open_to_international,https://christuniversity.in/center/C/IS/apply-tochrist,https://christuniversity.in/our-programmes/All/1,studyinindia,no,,GAP:christ-master-of-science-msc-finance-and-analytics,
christ-university,Master of Science (MSc) Clinical Psychology,PG,psychology-social-work,1-2 years,Bengaluru (Central/Kengeri/Bannerghatta Rd/Yeshwanthpur) — campus not disambiguated by scrape,on-campus,open_to_international,https://christuniversity.in/center/C/IS/apply-tochrist,https://christuniversity.in/our-programmes/All/1,studyinindia,yes,christ-msc-clinical-psychology,master-clinical-psychology,
christ-university,Master of Science (MSc) Counselling Psychology,PG,psychology-social-work,1-2 years,Bengaluru (Central/Kengeri/Bannerghatta Rd/Yeshwanthpur) — campus not disambiguated by scrape,on-campus,open_to_international,https://christuniversity.in/center/C/IS/apply-tochrist,https://christuniversity.in/our-programmes/All/1,studyinindia,no,,GAP:christ-master-of-science-msc-counselling-psychology,
christ-university,Master of Science Behavioural Science (Interdisciplinary Masters Programme),PG,arts-sciences-other,1-2 years,Bengaluru (Central/Kengeri/Bannerghatta Rd/Yeshwanthpur) — campus not disambiguated by scrape,on-campus,open_to_international,https://christuniversity.in/center/C/IS/apply-tochrist,https://christuniversity.in/our-programmes/All/1,studyinindia,no,,GAP:christ-master-of-science-behavioural-science-interdisciplinary-mast,
christ-university,Master of Science Biotechnology,PG,arts-sciences-other,1-2 years,Bengaluru (Central/Kengeri/Bannerghatta Rd/Yeshwanthpur) — campus not disambiguated by scrape,on-campus,open_to_international,https://christuniversity.in/center/C/IS/apply-tochrist,https://christuniversity.in/our-programmes/All/1,studyinindia,no,,GAP:christ-master-of-science-biotechnology,
christ-university,Master of Science Botany,PG,arts-sciences-other,1-2 years,Bengaluru (Central/Kengeri/Bannerghatta Rd/Yeshwanthpur) — campus not disambiguated by scrape,on-campus,open_to_international,https://christuniversity.in/center/C/IS/apply-tochrist,https://christuniversity.in/our-programmes/All/1,studyinindia,no,,GAP:christ-master-of-science-botany,
christ-university,Master of Science Chemistry (General / Analytical / Organic / Materials Chemistry),PG,arts-sciences-other,1-2 years,Bengaluru (Central/Kengeri/Bannerghatta Rd/Yeshwanthpur) — campus not disambiguated by scrape,on-campus,open_to_international,https://christuniversity.in/center/C/IS/apply-tochrist,https://christuniversity.in/our-programmes/All/1,studyinindia,no,,GAP:christ-master-of-science-chemistry-general-analytical-organic-mater,
christ-university,Master of Science Clinical Psycho-Oncology,PG,arts-sciences-other,1-2 years,Bengaluru (Central/Kengeri/Bannerghatta Rd/Yeshwanthpur) — campus not disambiguated by scrape,on-campus,open_to_international,https://christuniversity.in/center/C/IS/apply-tochrist,https://christuniversity.in/our-programmes/All/1,studyinindia,no,,GAP:christ-master-of-science-clinical-psycho-oncology,
christ-university,Master of Science Clinical Psychology,PG,psychology-social-work,1-2 years,Bengaluru (Central/Kengeri/Bannerghatta Rd/Yeshwanthpur) — campus not disambiguated by scrape,on-campus,open_to_international,https://christuniversity.in/center/C/IS/apply-tochrist,https://christuniversity.in/our-programmes/All/1,studyinindia,no,,GAP:christ-master-of-science-clinical-psychology,
christ-university,Master of Science Computer Science and Applications,PG,computer-science-it,1-2 years,Bengaluru (Central/Kengeri/Bannerghatta Rd/Yeshwanthpur) — campus not disambiguated by scrape,on-campus,open_to_international,https://christuniversity.in/center/C/IS/apply-tochrist,https://christuniversity.in/our-programmes/All/1,studyinindia,no,,GAP:christ-master-of-science-computer-science-and-applications,
christ-university,Master of Science Counselling Psychology,PG,psychology-social-work,1-2 years,Bengaluru (Central/Kengeri/Bannerghatta Rd/Yeshwanthpur) — campus not disambiguated by scrape,on-campus,open_to_international,https://christuniversity.in/center/C/IS/apply-tochrist,https://christuniversity.in/our-programmes/All/1,studyinindia,no,,GAP:christ-master-of-science-counselling-psychology,
christ-university,Master of Science Data Analytics (Interdisciplinary Masters Programme),PG,management-commerce,1-2 years,Bengaluru (Central/Kengeri/Bannerghatta Rd/Yeshwanthpur) — campus not disambiguated by scrape,on-campus,open_to_international,https://christuniversity.in/center/C/IS/apply-tochrist,https://christuniversity.in/our-programmes/All/1,studyinindia,no,,GAP:christ-master-of-science-data-analytics-interdisciplinary-masters-p,
christ-university,Master of Science Educational Psychology,PG,psychology-social-work,1-2 years,Bengaluru (Central/Kengeri/Bannerghatta Rd/Yeshwanthpur) — campus not disambiguated by scrape,on-campus,open_to_international,https://christuniversity.in/center/C/IS/apply-tochrist,https://christuniversity.in/our-programmes/All/1,studyinindia,no,,GAP:christ-master-of-science-educational-psychology,
christ-university,Master of Science Forensic Science,PG,arts-sciences-other,1-2 years,Bengaluru (Central/Kengeri/Bannerghatta Rd/Yeshwanthpur) — campus not disambiguated by scrape,on-campus,open_to_international,https://christuniversity.in/center/C/IS/apply-tochrist,https://christuniversity.in/our-programmes/All/1,studyinindia,no,,GAP:christ-master-of-science-forensic-science,
christ-university,Master of Science in Quantum Technologies by Research,PG,arts-sciences-other,1-2 years,Bengaluru (Central/Kengeri/Bannerghatta Rd/Yeshwanthpur) — campus not disambiguated by scrape,on-campus,open_to_international,https://christuniversity.in/center/C/IS/apply-tochrist,https://christuniversity.in/our-programmes/All/1,studyinindia,no,,GAP:christ-master-of-science-in-quantum-technologies-by-research,
christ-university,Master of Science Innovation and Entrepreneurship,PG,arts-sciences-other,1-2 years,Bengaluru (Central/Kengeri/Bannerghatta Rd/Yeshwanthpur) — campus not disambiguated by scrape,on-campus,open_to_international,https://christuniversity.in/center/C/IS/apply-tochrist,https://christuniversity.in/our-programmes/All/1,studyinindia,no,,GAP:christ-master-of-science-innovation-and-entrepreneurship,
christ-university,Master of Science Mathematics,PG,arts-sciences-other,1-2 years,Bengaluru (Central/Kengeri/Bannerghatta Rd/Yeshwanthpur) — campus not disambiguated by scrape,on-campus,open_to_international,https://christuniversity.in/center/C/IS/apply-tochrist,https://christuniversity.in/our-programmes/All/1,studyinindia,no,,GAP:christ-master-of-science-mathematics,
christ-university,Master of Science Neuropsychology,PG,psychology-social-work,1-2 years,Bengaluru (Central/Kengeri/Bannerghatta Rd/Yeshwanthpur) — campus not disambiguated by scrape,on-campus,open_to_international,https://christuniversity.in/center/C/IS/apply-tochrist,https://christuniversity.in/our-programmes/All/1,studyinindia,no,,GAP:christ-master-of-science-neuropsychology,
christ-university,Master of Science Physics,PG,arts-sciences-other,1-2 years,Bengaluru (Central/Kengeri/Bannerghatta Rd/Yeshwanthpur) — campus not disambiguated by scrape,on-campus,open_to_international,https://christuniversity.in/center/C/IS/apply-tochrist,https://christuniversity.in/our-programmes/All/1,studyinindia,no,,GAP:christ-master-of-science-physics,
christ-university,Master of Science Psychology (HRDM),PG,psychology-social-work,1-2 years,Bengaluru (Central/Kengeri/Bannerghatta Rd/Yeshwanthpur) — campus not disambiguated by scrape,on-campus,open_to_international,https://christuniversity.in/center/C/IS/apply-tochrist,https://christuniversity.in/our-programmes/All/1,studyinindia,no,,GAP:christ-master-of-science-psychology-hrdm,
christ-university,"Master of Science Psychology (HRDM) with MA Business and Organizational Psychology (Steinbeis, Germany)",PG,psychology-social-work,1-2 years,Bengaluru (Central/Kengeri/Bannerghatta Rd/Yeshwanthpur) — campus not disambiguated by scrape,on-campus,open_to_international,https://christuniversity.in/center/C/IS/apply-tochrist,https://christuniversity.in/our-programmes/All/1,studyinindia,no,,GAP:christ-master-of-science-psychology-hrdm-with-ma-business-and-organ,
christ-university,Master of Science Psychology - Health and Wellbeing,PG,law,1-2 years,Bengaluru (Central/Kengeri/Bannerghatta Rd/Yeshwanthpur) — campus not disambiguated by scrape,on-campus,open_to_international,https://christuniversity.in/center/C/IS/apply-tochrist,https://christuniversity.in/our-programmes/All/1,studyinindia,no,,GAP:christ-master-of-science-psychology-health-and-wellbeing,
christ-university,Master of Science Statistics,PG,arts-sciences-other,1-2 years,Bengaluru (Central/Kengeri/Bannerghatta Rd/Yeshwanthpur) — campus not disambiguated by scrape,on-campus,open_to_international,https://christuniversity.in/center/C/IS/apply-tochrist,https://christuniversity.in/our-programmes/All/1,studyinindia,no,,GAP:christ-master-of-science-statistics,
christ-university,Master of Science Strategic Management (Interdisciplinary Masters Programme),PG,arts-sciences-other,1-2 years,Bengaluru (Central/Kengeri/Bannerghatta Rd/Yeshwanthpur) — campus not disambiguated by scrape,on-campus,open_to_international,https://christuniversity.in/center/C/IS/apply-tochrist,https://christuniversity.in/our-programmes/All/1,studyinindia,no,,GAP:christ-master-of-science-strategic-management-interdisciplinary-mas,
christ-university,Master of Science Sustainable Development (Interdisciplinary Masters Programme),PG,arts-sciences-other,1-2 years,Bengaluru (Central/Kengeri/Bannerghatta Rd/Yeshwanthpur) — campus not disambiguated by scrape,on-campus,open_to_international,https://christuniversity.in/center/C/IS/apply-tochrist,https://christuniversity.in/our-programmes/All/1,studyinindia,no,,GAP:christ-master-of-science-sustainable-development-interdisciplinary-,
christ-university,Master of Science Zoology,PG,arts-sciences-other,1-2 years,Bengaluru (Central/Kengeri/Bannerghatta Rd/Yeshwanthpur) — campus not disambiguated by scrape,on-campus,open_to_international,https://christuniversity.in/center/C/IS/apply-tochrist,https://christuniversity.in/our-programmes/All/1,studyinindia,no,,GAP:christ-master-of-science-zoology,
christ-university,Master of Science (MSc) Economics and Analytics,PG,management-commerce,1-2 years,Bengaluru (Central/Kengeri/Bannerghatta Rd/Yeshwanthpur) — campus not disambiguated by scrape,on-campus,open_to_international,https://christuniversity.in/center/C/IS/apply-tochrist,https://christuniversity.in/our-programmes/All/1,studyinindia,no,,GAP:christ-master-of-science-msc-economics-and-analytics,
christ-university,Master of Social Work Clinical and Community Practice,PG,psychology-social-work,1-2 years,Bengaluru (Central/Kengeri/Bannerghatta Rd/Yeshwanthpur) — campus not disambiguated by scrape,on-campus,open_to_international,https://christuniversity.in/center/C/IS/apply-tochrist,https://christuniversity.in/our-programmes/All/1,studyinindia,no,,GAP:christ-master-of-social-work-clinical-and-community-practice,
christ-university,Master of Social Work Human Resource Development and Management,PG,psychology-social-work,1-2 years,Bengaluru (Central/Kengeri/Bannerghatta Rd/Yeshwanthpur) — campus not disambiguated by scrape,on-campus,open_to_international,https://christuniversity.in/center/C/IS/apply-tochrist,https://christuniversity.in/our-programmes/All/1,studyinindia,no,,GAP:christ-master-of-social-work-human-resource-development-and-managem,
christ-university,Master of Technology Computer Science and Engineering,PG,engineering,1-2 years,Bengaluru (Central/Kengeri/Bannerghatta Rd/Yeshwanthpur) — campus not disambiguated by scrape,on-campus,open_to_international,https://christuniversity.in/center/C/IS/apply-tochrist,https://christuniversity.in/our-programmes/All/1,studyinindia,no,,GAP:christ-master-of-technology-computer-science-and-engineering,
christ-university,Master of Technology Data Science,PG,computer-science-it,1-2 years,Bengaluru (Central/Kengeri/Bannerghatta Rd/Yeshwanthpur) — campus not disambiguated by scrape,on-campus,open_to_international,https://christuniversity.in/center/C/IS/apply-tochrist,https://christuniversity.in/our-programmes/All/1,studyinindia,no,,GAP:christ-master-of-technology-data-science,
christ-university,MSc (Data Science) (CU) + MS (System Science) (BU) USA,PG,computer-science-it,1-2 years,Bengaluru (Central/Kengeri/Bannerghatta Rd/Yeshwanthpur) — campus not disambiguated by scrape,on-campus,open_to_international,https://christuniversity.in/center/C/IS/apply-tochrist,https://christuniversity.in/our-programmes/All/1,studyinindia,no,,GAP:christ-msc-data-science-cu-ms-system-science-bu-usa,
christ-university,MSc (Global Finance and Analytics),PG,management-commerce,1-2 years,Bengaluru (Central/Kengeri/Bannerghatta Rd/Yeshwanthpur) — campus not disambiguated by scrape,on-campus,open_to_international,https://christuniversity.in/center/C/IS/apply-tochrist,https://christuniversity.in/our-programmes/All/1,studyinindia,no,,GAP:christ-msc-global-finance-and-analytics,
christ-university,PG Diploma in Counselling Psychology,Diploma,psychology-social-work,1 year,Bengaluru (Central/Kengeri/Bannerghatta Rd/Yeshwanthpur) — campus not disambiguated by scrape,on-campus,open_to_international,https://christuniversity.in/center/C/IS/apply-tochrist,https://christuniversity.in/our-programmes/All/1,studyinindia,no,,GAP:christ-pg-diploma-in-counselling-psychology,
christ-university,Post Graduate Diploma in Educational Leadership and Management International Baccalaureate (IB) Educator Certificate in Leadership Practice,Diploma,education,1 year,Bengaluru (Central/Kengeri/Bannerghatta Rd/Yeshwanthpur) — campus not disambiguated by scrape,on-campus,open_to_international,https://christuniversity.in/center/C/IS/apply-tochrist,https://christuniversity.in/our-programmes/All/1,studyinindia,no,,GAP:christ-post-graduate-diploma-in-educational-leadership-and-manageme,
christ-university,Post Graduate Diploma in Electric Vehicle Technology,Diploma,arts-sciences-other,1 year,Bengaluru (Central/Kengeri/Bannerghatta Rd/Yeshwanthpur) — campus not disambiguated by scrape,on-campus,open_to_international,https://christuniversity.in/center/C/IS/apply-tochrist,https://christuniversity.in/our-programmes/All/1,studyinindia,no,,GAP:christ-post-graduate-diploma-in-electric-vehicle-technology,
christ-university,Post Graduate Diploma in International Education (PGDIE) and International Baccalaureate (IB) Educator Certificate in Teaching and learning DP (BLENDED MODE),Diploma,education,1 year,Bengaluru (Central/Kengeri/Bannerghatta Rd/Yeshwanthpur) — campus not disambiguated by scrape,on-campus,open_to_international,https://christuniversity.in/center/C/IS/apply-tochrist,https://christuniversity.in/our-programmes/All/1,studyinindia,no,,GAP:christ-post-graduate-diploma-in-international-education-pgdie-and-i,
christ-university,Post Graduate Diploma in VLSI Design,Diploma,engineering,1 year,Bengaluru (Central/Kengeri/Bannerghatta Rd/Yeshwanthpur) — campus not disambiguated by scrape,on-campus,open_to_international,https://christuniversity.in/center/C/IS/apply-tochrist,https://christuniversity.in/our-programmes/All/1,studyinindia,no,,GAP:christ-post-graduate-diploma-in-vlsi-design,
christ-university,Doctor of Philosophy (PhD) in Statistics,Doctoral,arts-sciences-other,3-5 years (full-time/part-time),Bengaluru (multiple campuses),on-campus,open_to_international,https://m.christuniversity.in/international-students/study-abroad-programmes-and-services,https://christuniversity.in/our-programmes/All/1,studyinindia,no,,GAP:christ-phd-statistics,"CHRIST international-students page states applications are open for all UG/PG/Doctoral programmes; PhD for foreign nationals typically also needs research-visa sponsorship and supervisor pre-approval, not fee-verified per subject."
christ-university,Doctor of Philosophy (PhD) in Artificial Intelligence,Doctoral,computer-science-it,3-5 years (full-time/part-time),Bengaluru (multiple campuses),on-campus,open_to_international,https://m.christuniversity.in/international-students/study-abroad-programmes-and-services,https://christuniversity.in/our-programmes/All/1,studyinindia,no,,GAP:christ-phd-artificial-intelligence,"CHRIST international-students page states applications are open for all UG/PG/Doctoral programmes; PhD for foreign nationals typically also needs research-visa sponsorship and supervisor pre-approval, not fee-verified per subject."
christ-university,Doctor of Philosophy (PhD) in Architecture,Doctoral,architecture,3-5 years (full-time/part-time),Bengaluru (multiple campuses),on-campus,open_to_international,https://m.christuniversity.in/international-students/study-abroad-programmes-and-services,https://christuniversity.in/our-programmes/All/1,studyinindia,no,,GAP:christ-phd-architecture,"CHRIST international-students page states applications are open for all UG/PG/Doctoral programmes; PhD for foreign nationals typically also needs research-visa sponsorship and supervisor pre-approval, not fee-verified per subject."
christ-university,Doctor of Philosophy (PhD) in Biotechnology,Doctoral,arts-sciences-other,3-5 years (full-time/part-time),Bengaluru (multiple campuses),on-campus,open_to_international,https://m.christuniversity.in/international-students/study-abroad-programmes-and-services,https://christuniversity.in/our-programmes/All/1,studyinindia,no,,GAP:christ-phd-biotechnology,"CHRIST international-students page states applications are open for all UG/PG/Doctoral programmes; PhD for foreign nationals typically also needs research-visa sponsorship and supervisor pre-approval, not fee-verified per subject."
christ-university,Doctor of Philosophy (PhD) in Botany,Doctoral,arts-sciences-other,3-5 years (full-time/part-time),Bengaluru (multiple campuses),on-campus,open_to_international,https://m.christuniversity.in/international-students/study-abroad-programmes-and-services,https://christuniversity.in/our-programmes/All/1,studyinindia,no,,GAP:christ-phd-botany,"CHRIST international-students page states applications are open for all UG/PG/Doctoral programmes; PhD for foreign nationals typically also needs research-visa sponsorship and supervisor pre-approval, not fee-verified per subject."
christ-university,Doctor of Philosophy (PhD) in Chemistry,Doctoral,arts-sciences-other,3-5 years (full-time/part-time),Bengaluru (multiple campuses),on-campus,open_to_international,https://m.christuniversity.in/international-students/study-abroad-programmes-and-services,https://christuniversity.in/our-programmes/All/1,studyinindia,no,,GAP:christ-phd-chemistry,"CHRIST international-students page states applications are open for all UG/PG/Doctoral programmes; PhD for foreign nationals typically also needs research-visa sponsorship and supervisor pre-approval, not fee-verified per subject."
christ-university,Doctor of Philosophy (PhD) in Civil Engineering,Doctoral,engineering,3-5 years (full-time/part-time),Bengaluru (multiple campuses),on-campus,open_to_international,https://m.christuniversity.in/international-students/study-abroad-programmes-and-services,https://christuniversity.in/our-programmes/All/1,studyinindia,no,,GAP:christ-phd-civil-engineering,"CHRIST international-students page states applications are open for all UG/PG/Doctoral programmes; PhD for foreign nationals typically also needs research-visa sponsorship and supervisor pre-approval, not fee-verified per subject."
christ-university,Doctor of Philosophy (PhD) in Clinical Psychology,Doctoral,psychology-social-work,3-5 years (full-time/part-time),Bengaluru (multiple campuses),on-campus,open_to_international,https://m.christuniversity.in/international-students/study-abroad-programmes-and-services,https://christuniversity.in/our-programmes/All/1,studyinindia,no,,GAP:christ-phd-clinical-psychology,"CHRIST international-students page states applications are open for all UG/PG/Doctoral programmes; PhD for foreign nationals typically also needs research-visa sponsorship and supervisor pre-approval, not fee-verified per subject."
christ-university,Doctor of Philosophy (PhD) in Commerce,Doctoral,management-commerce,3-5 years (full-time/part-time),Bengaluru (multiple campuses),on-campus,open_to_international,https://m.christuniversity.in/international-students/study-abroad-programmes-and-services,https://christuniversity.in/our-programmes/All/1,studyinindia,no,,GAP:christ-phd-commerce,"CHRIST international-students page states applications are open for all UG/PG/Doctoral programmes; PhD for foreign nationals typically also needs research-visa sponsorship and supervisor pre-approval, not fee-verified per subject."
christ-university,Doctor of Philosophy (PhD) in Computer Science,Doctoral,computer-science-it,3-5 years (full-time/part-time),Bengaluru (multiple campuses),on-campus,open_to_international,https://m.christuniversity.in/international-students/study-abroad-programmes-and-services,https://christuniversity.in/our-programmes/All/1,studyinindia,no,,GAP:christ-phd-computer-science,"CHRIST international-students page states applications are open for all UG/PG/Doctoral programmes; PhD for foreign nationals typically also needs research-visa sponsorship and supervisor pre-approval, not fee-verified per subject."
christ-university,Doctor of Philosophy (PhD) in Computer Science and Engineering,Doctoral,engineering,3-5 years (full-time/part-time),Bengaluru (multiple campuses),on-campus,open_to_international,https://m.christuniversity.in/international-students/study-abroad-programmes-and-services,https://christuniversity.in/our-programmes/All/1,studyinindia,no,,GAP:christ-phd-computer-science-and-engineering,"CHRIST international-students page states applications are open for all UG/PG/Doctoral programmes; PhD for foreign nationals typically also needs research-visa sponsorship and supervisor pre-approval, not fee-verified per subject."
christ-university,Doctor of Philosophy (PhD) in Counselling Psychology,Doctoral,psychology-social-work,3-5 years (full-time/part-time),Bengaluru (multiple campuses),on-campus,open_to_international,https://m.christuniversity.in/international-students/study-abroad-programmes-and-services,https://christuniversity.in/our-programmes/All/1,studyinindia,no,,GAP:christ-phd-counselling-psychology,"CHRIST international-students page states applications are open for all UG/PG/Doctoral programmes; PhD for foreign nationals typically also needs research-visa sponsorship and supervisor pre-approval, not fee-verified per subject."
christ-university,Doctor of Philosophy (PhD) in Cultural Studies,Doctoral,arts-sciences-other,3-5 years (full-time/part-time),Bengaluru (multiple campuses),on-campus,open_to_international,https://m.christuniversity.in/international-students/study-abroad-programmes-and-services,https://christuniversity.in/our-programmes/All/1,studyinindia,no,,GAP:christ-phd-cultural-studies,"CHRIST international-students page states applications are open for all UG/PG/Doctoral programmes; PhD for foreign nationals typically also needs research-visa sponsorship and supervisor pre-approval, not fee-verified per subject."
christ-university,Doctor of Philosophy (PhD) in Data Science,Doctoral,computer-science-it,3-5 years (full-time/part-time),Bengaluru (multiple campuses),on-campus,open_to_international,https://m.christuniversity.in/international-students/study-abroad-programmes-and-services,https://christuniversity.in/our-programmes/All/1,studyinindia,no,,GAP:christ-phd-data-science,"CHRIST international-students page states applications are open for all UG/PG/Doctoral programmes; PhD for foreign nationals typically also needs research-visa sponsorship and supervisor pre-approval, not fee-verified per subject."
christ-university,Doctor of Philosophy (PhD) in Economics,Doctoral,arts-sciences-other,3-5 years (full-time/part-time),Bengaluru (multiple campuses),on-campus,open_to_international,https://m.christuniversity.in/international-students/study-abroad-programmes-and-services,https://christuniversity.in/our-programmes/All/1,studyinindia,no,,GAP:christ-phd-economics,"CHRIST international-students page states applications are open for all UG/PG/Doctoral programmes; PhD for foreign nationals typically also needs research-visa sponsorship and supervisor pre-approval, not fee-verified per subject."
christ-university,Doctor of Philosophy (PhD) in Education,Doctoral,education,3-5 years (full-time/part-time),Bengaluru (multiple campuses),on-campus,open_to_international,https://m.christuniversity.in/international-students/study-abroad-programmes-and-services,https://christuniversity.in/our-programmes/All/1,studyinindia,no,,GAP:christ-phd-education,"CHRIST international-students page states applications are open for all UG/PG/Doctoral programmes; PhD for foreign nationals typically also needs research-visa sponsorship and supervisor pre-approval, not fee-verified per subject."
christ-university,Doctor of Philosophy (PhD) in Electrical and Electronics Engineering,Doctoral,engineering,3-5 years (full-time/part-time),Bengaluru (multiple campuses),on-campus,open_to_international,https://m.christuniversity.in/international-students/study-abroad-programmes-and-services,https://christuniversity.in/our-programmes/All/1,studyinindia,no,,GAP:christ-phd-electrical-and-electronics-engineering,"CHRIST international-students page states applications are open for all UG/PG/Doctoral programmes; PhD for foreign nationals typically also needs research-visa sponsorship and supervisor pre-approval, not fee-verified per subject."
christ-university,Doctor of Philosophy (PhD) in Electronics and Communication Engineering,Doctoral,engineering,3-5 years (full-time/part-time),Bengaluru (multiple campuses),on-campus,open_to_international,https://m.christuniversity.in/international-students/study-abroad-programmes-and-services,https://christuniversity.in/our-programmes/All/1,studyinindia,no,,GAP:christ-phd-electronics-and-communication-engineering,"CHRIST international-students page states applications are open for all UG/PG/Doctoral programmes; PhD for foreign nationals typically also needs research-visa sponsorship and supervisor pre-approval, not fee-verified per subject."
christ-university,Doctor of Philosophy (PhD) in English Studies,Doctoral,arts-sciences-other,3-5 years (full-time/part-time),Bengaluru (multiple campuses),on-campus,open_to_international,https://m.christuniversity.in/international-students/study-abroad-programmes-and-services,https://christuniversity.in/our-programmes/All/1,studyinindia,no,,GAP:christ-phd-english-studies,"CHRIST international-students page states applications are open for all UG/PG/Doctoral programmes; PhD for foreign nationals typically also needs research-visa sponsorship and supervisor pre-approval, not fee-verified per subject."
christ-university,Doctor of Philosophy (PhD) in Forensic Science,Doctoral,arts-sciences-other,3-5 years (full-time/part-time),Bengaluru (multiple campuses),on-campus,open_to_international,https://m.christuniversity.in/international-students/study-abroad-programmes-and-services,https://christuniversity.in/our-programmes/All/1,studyinindia,no,,GAP:christ-phd-forensic-science,"CHRIST international-students page states applications are open for all UG/PG/Doctoral programmes; PhD for foreign nationals typically also needs research-visa sponsorship and supervisor pre-approval, not fee-verified per subject."
christ-university,Doctor of Philosophy (PhD) in History,Doctoral,arts-sciences-other,3-5 years (full-time/part-time),Bengaluru (multiple campuses),on-campus,open_to_international,https://m.christuniversity.in/international-students/study-abroad-programmes-and-services,https://christuniversity.in/our-programmes/All/1,studyinindia,no,,GAP:christ-phd-history,"CHRIST international-students page states applications are open for all UG/PG/Doctoral programmes; PhD for foreign nationals typically also needs research-visa sponsorship and supervisor pre-approval, not fee-verified per subject."
christ-university,Doctor of Philosophy (PhD) in Information Technology,Doctoral,arts-sciences-other,3-5 years (full-time/part-time),Bengaluru (multiple campuses),on-campus,open_to_international,https://m.christuniversity.in/international-students/study-abroad-programmes-and-services,https://christuniversity.in/our-programmes/All/1,studyinindia,no,,GAP:christ-phd-information-technology,"CHRIST international-students page states applications are open for all UG/PG/Doctoral programmes; PhD for foreign nationals typically also needs research-visa sponsorship and supervisor pre-approval, not fee-verified per subject."
christ-university,Doctor of Philosophy (PhD) in International Studies,Doctoral,arts-sciences-other,3-5 years (full-time/part-time),Bengaluru (multiple campuses),on-campus,open_to_international,https://m.christuniversity.in/international-students/study-abroad-programmes-and-services,https://christuniversity.in/our-programmes/All/1,studyinindia,no,,GAP:christ-phd-international-studies,"CHRIST international-students page states applications are open for all UG/PG/Doctoral programmes; PhD for foreign nationals typically also needs research-visa sponsorship and supervisor pre-approval, not fee-verified per subject."
christ-university,Doctor of Philosophy (PhD) in Law,Doctoral,law,3-5 years (full-time/part-time),Bengaluru (multiple campuses),on-campus,open_to_international,https://m.christuniversity.in/international-students/study-abroad-programmes-and-services,https://christuniversity.in/our-programmes/All/1,studyinindia,no,,GAP:christ-phd-law,"CHRIST international-students page states applications are open for all UG/PG/Doctoral programmes; PhD for foreign nationals typically also needs research-visa sponsorship and supervisor pre-approval, not fee-verified per subject."
christ-university,Doctor of Philosophy (PhD) in Management,Doctoral,arts-sciences-other,3-5 years (full-time/part-time),Bengaluru (multiple campuses),on-campus,open_to_international,https://m.christuniversity.in/international-students/study-abroad-programmes-and-services,https://christuniversity.in/our-programmes/All/1,studyinindia,no,,GAP:christ-phd-management,"CHRIST international-students page states applications are open for all UG/PG/Doctoral programmes; PhD for foreign nationals typically also needs research-visa sponsorship and supervisor pre-approval, not fee-verified per subject."
christ-university,Doctor of Philosophy (PhD) in Mathematics,Doctoral,arts-sciences-other,3-5 years (full-time/part-time),Bengaluru (multiple campuses),on-campus,open_to_international,https://m.christuniversity.in/international-students/study-abroad-programmes-and-services,https://christuniversity.in/our-programmes/All/1,studyinindia,no,,GAP:christ-phd-mathematics,"CHRIST international-students page states applications are open for all UG/PG/Doctoral programmes; PhD for foreign nationals typically also needs research-visa sponsorship and supervisor pre-approval, not fee-verified per subject."
christ-university,Doctor of Philosophy (PhD) in Mechanical Engineering,Doctoral,engineering,3-5 years (full-time/part-time),Bengaluru (multiple campuses),on-campus,open_to_international,https://m.christuniversity.in/international-students/study-abroad-programmes-and-services,https://christuniversity.in/our-programmes/All/1,studyinindia,no,,GAP:christ-phd-mechanical-engineering,"CHRIST international-students page states applications are open for all UG/PG/Doctoral programmes; PhD for foreign nationals typically also needs research-visa sponsorship and supervisor pre-approval, not fee-verified per subject."
christ-university,Doctor of Philosophy (PhD) in Media Studies,Doctoral,media-communication,3-5 years (full-time/part-time),Bengaluru (multiple campuses),on-campus,open_to_international,https://m.christuniversity.in/international-students/study-abroad-programmes-and-services,https://christuniversity.in/our-programmes/All/1,studyinindia,no,,GAP:christ-phd-media-studies,"CHRIST international-students page states applications are open for all UG/PG/Doctoral programmes; PhD for foreign nationals typically also needs research-visa sponsorship and supervisor pre-approval, not fee-verified per subject."
christ-university,Doctor of Philosophy (PhD) in Music,Doctoral,arts-sciences-other,3-5 years (full-time/part-time),Bengaluru (multiple campuses),on-campus,open_to_international,https://m.christuniversity.in/international-students/study-abroad-programmes-and-services,https://christuniversity.in/our-programmes/All/1,studyinindia,no,,GAP:christ-phd-music,"CHRIST international-students page states applications are open for all UG/PG/Doctoral programmes; PhD for foreign nationals typically also needs research-visa sponsorship and supervisor pre-approval, not fee-verified per subject."
christ-university,Doctor of Philosophy (PhD) in Neuropsychology,Doctoral,psychology-social-work,3-5 years (full-time/part-time),Bengaluru (multiple campuses),on-campus,open_to_international,https://m.christuniversity.in/international-students/study-abroad-programmes-and-services,https://christuniversity.in/our-programmes/All/1,studyinindia,no,,GAP:christ-phd-neuropsychology,"CHRIST international-students page states applications are open for all UG/PG/Doctoral programmes; PhD for foreign nationals typically also needs research-visa sponsorship and supervisor pre-approval, not fee-verified per subject."
christ-university,Doctor of Philosophy (PhD) in Performing Arts,Doctoral,arts-sciences-other,3-5 years (full-time/part-time),Bengaluru (multiple campuses),on-campus,open_to_international,https://m.christuniversity.in/international-students/study-abroad-programmes-and-services,https://christuniversity.in/our-programmes/All/1,studyinindia,no,,GAP:christ-phd-performing-arts,"CHRIST international-students page states applications are open for all UG/PG/Doctoral programmes; PhD for foreign nationals typically also needs research-visa sponsorship and supervisor pre-approval, not fee-verified per subject."
christ-university,Doctor of Philosophy (PhD) in Physics,Doctoral,arts-sciences-other,3-5 years (full-time/part-time),Bengaluru (multiple campuses),on-campus,open_to_international,https://m.christuniversity.in/international-students/study-abroad-programmes-and-services,https://christuniversity.in/our-programmes/All/1,studyinindia,no,,GAP:christ-phd-physics,"CHRIST international-students page states applications are open for all UG/PG/Doctoral programmes; PhD for foreign nationals typically also needs research-visa sponsorship and supervisor pre-approval, not fee-verified per subject."
christ-university,Doctor of Philosophy (PhD) in Political Science,Doctoral,arts-sciences-other,3-5 years (full-time/part-time),Bengaluru (multiple campuses),on-campus,open_to_international,https://m.christuniversity.in/international-students/study-abroad-programmes-and-services,https://christuniversity.in/our-programmes/All/1,studyinindia,no,,GAP:christ-phd-political-science,"CHRIST international-students page states applications are open for all UG/PG/Doctoral programmes; PhD for foreign nationals typically also needs research-visa sponsorship and supervisor pre-approval, not fee-verified per subject."
christ-university,Doctor of Philosophy (PhD) in Psychology,Doctoral,psychology-social-work,3-5 years (full-time/part-time),Bengaluru (multiple campuses),on-campus,open_to_international,https://m.christuniversity.in/international-students/study-abroad-programmes-and-services,https://christuniversity.in/our-programmes/All/1,studyinindia,no,,GAP:christ-phd-psychology,"CHRIST international-students page states applications are open for all UG/PG/Doctoral programmes; PhD for foreign nationals typically also needs research-visa sponsorship and supervisor pre-approval, not fee-verified per subject."
christ-university,Doctor of Philosophy (PhD) in Social Work,Doctoral,psychology-social-work,3-5 years (full-time/part-time),Bengaluru (multiple campuses),on-campus,open_to_international,https://m.christuniversity.in/international-students/study-abroad-programmes-and-services,https://christuniversity.in/our-programmes/All/1,studyinindia,no,,GAP:christ-phd-social-work,"CHRIST international-students page states applications are open for all UG/PG/Doctoral programmes; PhD for foreign nationals typically also needs research-visa sponsorship and supervisor pre-approval, not fee-verified per subject."
christ-university,Doctor of Philosophy (PhD) in Sociology,Doctoral,arts-sciences-other,3-5 years (full-time/part-time),Bengaluru (multiple campuses),on-campus,open_to_international,https://m.christuniversity.in/international-students/study-abroad-programmes-and-services,https://christuniversity.in/our-programmes/All/1,studyinindia,no,,GAP:christ-phd-sociology,"CHRIST international-students page states applications are open for all UG/PG/Doctoral programmes; PhD for foreign nationals typically also needs research-visa sponsorship and supervisor pre-approval, not fee-verified per subject."
christ-university,Doctor of Philosophy (PhD) in Tourism,Doctoral,arts-sciences-other,3-5 years (full-time/part-time),Bengaluru (multiple campuses),on-campus,open_to_international,https://m.christuniversity.in/international-students/study-abroad-programmes-and-services,https://christuniversity.in/our-programmes/All/1,studyinindia,no,,GAP:christ-phd-tourism,"CHRIST international-students page states applications are open for all UG/PG/Doctoral programmes; PhD for foreign nationals typically also needs research-visa sponsorship and supervisor pre-approval, not fee-verified per subject."
christ-university,Doctor of Philosophy (PhD) in Zoology,Doctoral,arts-sciences-other,3-5 years (full-time/part-time),Bengaluru (multiple campuses),on-campus,open_to_international,https://m.christuniversity.in/international-students/study-abroad-programmes-and-services,https://christuniversity.in/our-programmes/All/1,studyinindia,no,,GAP:christ-phd-zoology,"CHRIST international-students page states applications are open for all UG/PG/Doctoral programmes; PhD for foreign nationals typically also needs research-visa sponsorship and supervisor pre-approval, not fee-verified per subject."
