university_slug,programme_official_title,level,discipline,duration,campus,delivery_mode,intl_status,intl_evidence_url,official_source_url,other_sources,already_on_site,existing_offering_slug,canonical_course_match,notes
lovely-professional-university,Food Technology,UG,other,,Phagwara,on-campus,open_to_international,https://www.lpu.in/international/programmes/Food-Technology/,https://www.lpu.in/international/programmes/Food-Technology/,,no,,bachelor-food-science-technology,"Page lives under lpu.in/international/programmes/ (LPU's international-admissions programme directory), which is LPU's standing evidence that the programme is offered to international applicants"
lovely-professional-university,B.A. Hons Bachelor Of Arts,UG,other,,Phagwara,on-campus,open_to_international,https://www.lpu.in/international/programmes/arts-humanities/ba-hons-bachelor-of-arts,https://www.lpu.in/international/programmes/arts-humanities/ba-hons-bachelor-of-arts,,no,,GAP:ba-hons-bachelor-of-arts,"Page lives under lpu.in/international/programmes/ (LPU's international-admissions programme directory), which is LPU's standing evidence that the programme is offered to international applicants"
lovely-professional-university,Bachelor Of Arts B.A.,UG,other,,Phagwara,on-campus,open_to_international,https://www.lpu.in/international/programmes/arts-humanities/bachelor-of-arts-ba,https://www.lpu.in/international/programmes/arts-humanities/bachelor-of-arts-ba,,no,,GAP:bachelor-of-arts-ba,"Page lives under lpu.in/international/programmes/ (LPU's international-admissions programme directory), which is LPU's standing evidence that the programme is offered to international applicants"
lovely-professional-university,B Com Bachelor Of Commerce,UG,business-management,,Phagwara,on-campus,open_to_international,https://www.lpu.in/international/programmes/b-com-bachelor-of-commerce,https://www.lpu.in/international/programmes/b-com-bachelor-of-commerce,,no,,bcom,"Page lives under lpu.in/international/programmes/ (LPU's international-admissions programme directory), which is LPU's standing evidence that the programme is offered to international applicants"
lovely-professional-university,B Com Bachelor Of Commerce Hons,UG,business-management,,Phagwara,on-campus,open_to_international,https://www.lpu.in/international/programmes/b-com-bachelor-of-commerce-hons,https://www.lpu.in/international/programmes/b-com-bachelor-of-commerce-hons,,no,,bcom,"Page lives under lpu.in/international/programmes/ (LPU's international-admissions programme directory), which is LPU's standing evidence that the programme is offered to international applicants"
lovely-professional-university,B Com Bachelor Of Commerce Lateral Entry,UG,business-management,,Phagwara,on-campus,open_to_international,https://www.lpu.in/international/programmes/b-com-bachelor-of-commerce-lateral-entry,https://www.lpu.in/international/programmes/b-com-bachelor-of-commerce-lateral-entry,,no,,bcom,"Page lives under lpu.in/international/programmes/ (LPU's international-admissions programme directory), which is LPU's standing evidence that the programme is offered to international applicants; lateral-entry admission route (diploma holders), separate admissions cycle"
lovely-professional-university,B Com Corporate Finance,UG,business-management,,Phagwara,on-campus,open_to_international,https://www.lpu.in/international/programmes/b-com-corporate-finance,https://www.lpu.in/international/programmes/b-com-corporate-finance,,no,,msc-finance,"Page lives under lpu.in/international/programmes/ (LPU's international-admissions programme directory), which is LPU's standing evidence that the programme is offered to international applicants"
lovely-professional-university,B Com In Management Accounting And International Finance,UG,business-management,,Phagwara,on-campus,open_to_international,https://www.lpu.in/international/programmes/b-com-in-management-accounting-and-international-finance,https://www.lpu.in/international/programmes/b-com-in-management-accounting-and-international-finance,,no,,bachelor-accounting,"Page lives under lpu.in/international/programmes/ (LPU's international-admissions programme directory), which is LPU's standing evidence that the programme is offered to international applicants"
lovely-professional-university,B Com International Accounting,UG,business-management,,Phagwara,on-campus,open_to_international,https://www.lpu.in/international/programmes/b-com-international-accounting,https://www.lpu.in/international/programmes/b-com-international-accounting,,no,,bachelor-accounting,"Page lives under lpu.in/international/programmes/ (LPU's international-admissions programme directory), which is LPU's standing evidence that the programme is offered to international applicants"
lovely-professional-university,B Design Animation And VFX Design,UG,design-creative-arts,,Phagwara,on-campus,open_to_international,https://www.lpu.in/international/programmes/b-design-animation-and-vfx-design,https://www.lpu.in/international/programmes/b-design-animation-and-vfx-design,,no,,bachelor-animation-game-design,"Page lives under lpu.in/international/programmes/ (LPU's international-admissions programme directory), which is LPU's standing evidence that the programme is offered to international applicants"
lovely-professional-university,B Design Fashion With International Transfer Option,UG,design-creative-arts,,Phagwara,on-campus,open_to_international,https://www.lpu.in/international/programmes/b-design-fashion-with-international-transfer-option,https://www.lpu.in/international/programmes/b-design-fashion-with-international-transfer-option,,no,,bachelor-fashion-design,"Page lives under lpu.in/international/programmes/ (LPU's international-admissions programme directory), which is LPU's standing evidence that the programme is offered to international applicants; international-transfer-option track (study-abroad component), separate admissions track"
lovely-professional-university,B Tech Computer Science Engineering Machine Intelligence And Data Analytics,UG,computing-it,,Phagwara,on-campus,open_to_international,https://www.lpu.in/international/programmes/b-tech-computer-science-engineering-machine-intelligence-and-data-analytics,https://www.lpu.in/international/programmes/b-tech-computer-science-engineering-machine-intelligence-and-data-analytics,,no,,be-btech-artificial-intelligence-machine-learning,"Page lives under lpu.in/international/programmes/ (LPU's international-admissions programme directory), which is LPU's standing evidence that the programme is offered to international applicants"
lovely-professional-university,B Tech Robotics And Automation,UG,computing-it,,Phagwara,on-campus,open_to_international,https://www.lpu.in/international/programmes/b-tech-robotics-and-automation,https://www.lpu.in/international/programmes/b-tech-robotics-and-automation,,no,,be-btech-robotics-automation-engineering,"Page lives under lpu.in/international/programmes/ (LPU's international-admissions programme directory), which is LPU's standing evidence that the programme is offered to international applicants"
lovely-professional-university,B.A. In Journalism And Mass Communication,UG,media-communication,,Phagwara,on-campus,open_to_international,https://www.lpu.in/international/programmes/ba-in-journalism-and-mass-communication,https://www.lpu.in/international/programmes/ba-in-journalism-and-mass-communication,,no,,bachelor-journalism,"Page lives under lpu.in/international/programmes/ (LPU's international-admissions programme directory), which is LPU's standing evidence that the programme is offered to international applicants"
lovely-professional-university,Bachelor Of Architecture,UG,design-creative-arts,,Phagwara,on-campus,open_to_international,https://www.lpu.in/international/programmes/bachelor-of-architecture,https://www.lpu.in/international/programmes/bachelor-of-architecture,,no,,barch,"Page lives under lpu.in/international/programmes/ (LPU's international-admissions programme directory), which is LPU's standing evidence that the programme is offered to international applicants"
lovely-professional-university,Bachelor Of Business Administration Hons,UG,business-management,,Phagwara,on-campus,open_to_international,https://www.lpu.in/international/programmes/bachelor-of-business-administration-hons,https://www.lpu.in/international/programmes/bachelor-of-business-administration-hons,,no,,dba,"Page lives under lpu.in/international/programmes/ (LPU's international-admissions programme directory), which is LPU's standing evidence that the programme is offered to international applicants"
lovely-professional-university,Bachelor Of Computer Application BCA,UG,computing-it,,Phagwara,on-campus,open_to_international,https://www.lpu.in/international/programmes/bachelor-of-computer-application-bca,https://www.lpu.in/international/programmes/bachelor-of-computer-application-bca,,no,,msc-computer-science,"Page lives under lpu.in/international/programmes/ (LPU's international-admissions programme directory), which is LPU's standing evidence that the programme is offered to international applicants"
lovely-professional-university,Bachelor Of Computer Application BCA Data Science,UG,computing-it,,Phagwara,on-campus,open_to_international,https://www.lpu.in/international/programmes/bachelor-of-computer-application-bca-data-science,https://www.lpu.in/international/programmes/bachelor-of-computer-application-bca-data-science,,no,,msc-computer-science,"Page lives under lpu.in/international/programmes/ (LPU's international-admissions programme directory), which is LPU's standing evidence that the programme is offered to international applicants"
lovely-professional-university,Bachelor Of Computer Application BCA Hons,UG,computing-it,,Phagwara,on-campus,open_to_international,https://www.lpu.in/international/programmes/bachelor-of-computer-application-bca-hons,https://www.lpu.in/international/programmes/bachelor-of-computer-application-bca-hons,,no,,msc-computer-science,"Page lives under lpu.in/international/programmes/ (LPU's international-admissions programme directory), which is LPU's standing evidence that the programme is offered to international applicants"
lovely-professional-university,Bachelor Of Design In Fashion,UG,design-creative-arts,,Phagwara,on-campus,open_to_international,https://www.lpu.in/international/programmes/bachelor-of-design-in-fashion,https://www.lpu.in/international/programmes/bachelor-of-design-in-fashion,,no,,bachelor-fashion-design,"Page lives under lpu.in/international/programmes/ (LPU's international-admissions programme directory), which is LPU's standing evidence that the programme is offered to international applicants"
lovely-professional-university,Bachelor Of Design In Fashion Lateral Entry,UG,design-creative-arts,,Phagwara,on-campus,open_to_international,https://www.lpu.in/international/programmes/bachelor-of-design-in-fashion-lateral-entry,https://www.lpu.in/international/programmes/bachelor-of-design-in-fashion-lateral-entry,,no,,bachelor-fashion-design,"Page lives under lpu.in/international/programmes/ (LPU's international-admissions programme directory), which is LPU's standing evidence that the programme is offered to international applicants; lateral-entry admission route (diploma holders), separate admissions cycle"
lovely-professional-university,Bachelor Of Design In Film And Television Production,UG,engineering,,Phagwara,on-campus,open_to_international,https://www.lpu.in/international/programmes/bachelor-of-design-in-film-and-television-production,https://www.lpu.in/international/programmes/bachelor-of-design-in-film-and-television-production,,no,,bachelor-film-television,"Page lives under lpu.in/international/programmes/ (LPU's international-admissions programme directory), which is LPU's standing evidence that the programme is offered to international applicants"
lovely-professional-university,Bachelor Of Design In Gaming,UG,design-creative-arts,,Phagwara,on-campus,open_to_international,https://www.lpu.in/international/programmes/bachelor-of-design-in-gaming,https://www.lpu.in/international/programmes/bachelor-of-design-in-gaming,,no,,bdes,"Page lives under lpu.in/international/programmes/ (LPU's international-admissions programme directory), which is LPU's standing evidence that the programme is offered to international applicants"
lovely-professional-university,Bachelor Of Design In Graphics,UG,design-creative-arts,,Phagwara,on-campus,open_to_international,https://www.lpu.in/international/programmes/bachelor-of-design-in-graphics,https://www.lpu.in/international/programmes/bachelor-of-design-in-graphics,,no,,bdes,"Page lives under lpu.in/international/programmes/ (LPU's international-admissions programme directory), which is LPU's standing evidence that the programme is offered to international applicants"
lovely-professional-university,Bachelor Of Design In Interior And Furniture,UG,design-creative-arts,,Phagwara,on-campus,open_to_international,https://www.lpu.in/international/programmes/bachelor-of-design-in-interior-and-furniture,https://www.lpu.in/international/programmes/bachelor-of-design-in-interior-and-furniture,,yes,lpu-bdes-interior-and-furniture,bdes,"Page lives under lpu.in/international/programmes/ (LPU's international-admissions programme directory), which is LPU's standing evidence that the programme is offered to international applicants"
lovely-professional-university,Bachelor Of Design In Interior And Furniture Lateral Entry,UG,design-creative-arts,,Phagwara,on-campus,open_to_international,https://www.lpu.in/international/programmes/bachelor-of-design-in-interior-and-furniture-lateral-entry,https://www.lpu.in/international/programmes/bachelor-of-design-in-interior-and-furniture-lateral-entry,,no,,bdes,"Page lives under lpu.in/international/programmes/ (LPU's international-admissions programme directory), which is LPU's standing evidence that the programme is offered to international applicants; lateral-entry admission route (diploma holders), separate admissions cycle"
lovely-professional-university,Bachelor Of Design In Product And Industrial,UG,engineering,,Phagwara,on-campus,open_to_international,https://www.lpu.in/international/programmes/bachelor-of-design-in-product-and-industrial,https://www.lpu.in/international/programmes/bachelor-of-design-in-product-and-industrial,,no,,bdes,"Page lives under lpu.in/international/programmes/ (LPU's international-admissions programme directory), which is LPU's standing evidence that the programme is offered to international applicants"
lovely-professional-university,Bachelor Of Design In Product And Industrial Lateral Entry,UG,engineering,,Phagwara,on-campus,open_to_international,https://www.lpu.in/international/programmes/bachelor-of-design-in-product-and-industrial-lateral-entry,https://www.lpu.in/international/programmes/bachelor-of-design-in-product-and-industrial-lateral-entry,,no,,bdes,"Page lives under lpu.in/international/programmes/ (LPU's international-admissions programme directory), which is LPU's standing evidence that the programme is offered to international applicants; lateral-entry admission route (diploma holders), separate admissions cycle"
lovely-professional-university,Bachelor Of Design In UX UI,UG,computing-it,,Phagwara,on-campus,open_to_international,https://www.lpu.in/international/programmes/bachelor-of-design-in-ux-ui,https://www.lpu.in/international/programmes/bachelor-of-design-in-ux-ui,,no,,bdes,"Page lives under lpu.in/international/programmes/ (LPU's international-admissions programme directory), which is LPU's standing evidence that the programme is offered to international applicants"
lovely-professional-university,Bachelor Of Design UI UX Lateral Entry,UG,computing-it,,Phagwara,on-campus,open_to_international,https://www.lpu.in/international/programmes/bachelor-of-design-ui-ux-lateral-entry,https://www.lpu.in/international/programmes/bachelor-of-design-ui-ux-lateral-entry,,no,,bdes,"Page lives under lpu.in/international/programmes/ (LPU's international-admissions programme directory), which is LPU's standing evidence that the programme is offered to international applicants; lateral-entry admission route (diploma holders), separate admissions cycle"
lovely-professional-university,Bachelor Of Education B.Ed,UG,education,,Phagwara,on-campus,open_to_international,https://www.lpu.in/international/programmes/bachelor-of-education-bed,https://www.lpu.in/international/programmes/bachelor-of-education-bed,,no,,bed,"Page lives under lpu.in/international/programmes/ (LPU's international-admissions programme directory), which is LPU's standing evidence that the programme is offered to international applicants"
lovely-professional-university,Bachelor Of Graphics Design,UG,computing-it,,Phagwara,on-campus,open_to_international,https://www.lpu.in/international/programmes/bachelor-of-graphics-design,https://www.lpu.in/international/programmes/bachelor-of-graphics-design,,no,,bdes,"Page lives under lpu.in/international/programmes/ (LPU's international-admissions programme directory), which is LPU's standing evidence that the programme is offered to international applicants"
lovely-professional-university,Bachelor Of Library And Information Science,UG,other,,Phagwara,on-campus,open_to_international,https://www.lpu.in/international/programmes/bachelor-of-library-and-information-science,https://www.lpu.in/international/programmes/bachelor-of-library-and-information-science,,no,,GAP:bachelor-of-library-and-information-science,"Page lives under lpu.in/international/programmes/ (LPU's international-admissions programme directory), which is LPU's standing evidence that the programme is offered to international applicants"
lovely-professional-university,Bachelor Of Occupational Therapy,UG,other,,Phagwara,on-campus,open_to_international,https://www.lpu.in/international/programmes/bachelor-of-occupational-therapy,https://www.lpu.in/international/programmes/bachelor-of-occupational-therapy,,no,,bachelor-occupational-therapy,"Page lives under lpu.in/international/programmes/ (LPU's international-admissions programme directory), which is LPU's standing evidence that the programme is offered to international applicants"
lovely-professional-university,Bachelor Of Pharmacy,UG,health-medicine,,Phagwara,on-campus,open_to_international,https://www.lpu.in/international/programmes/bachelor-of-pharmacy,https://www.lpu.in/international/programmes/bachelor-of-pharmacy,,no,,bpharm,"Page lives under lpu.in/international/programmes/ (LPU's international-admissions programme directory), which is LPU's standing evidence that the programme is offered to international applicants"
lovely-professional-university,Bachelor Of Pharmacy Lateral Entry,UG,health-medicine,,Phagwara,on-campus,open_to_international,https://www.lpu.in/international/programmes/bachelor-of-pharmacy-lateral-entry,https://www.lpu.in/international/programmes/bachelor-of-pharmacy-lateral-entry,,no,,bpharm,"Page lives under lpu.in/international/programmes/ (LPU's international-admissions programme directory), which is LPU's standing evidence that the programme is offered to international applicants; lateral-entry admission route (diploma holders), separate admissions cycle"
lovely-professional-university,Bachelor Of Physical Education And Sport Bpes,UG,education,,Phagwara,on-campus,open_to_international,https://www.lpu.in/international/programmes/bachelor-of-physical-education-and-sport-bpes,https://www.lpu.in/international/programmes/bachelor-of-physical-education-and-sport-bpes,,no,,bed,"Page lives under lpu.in/international/programmes/ (LPU's international-admissions programme directory), which is LPU's standing evidence that the programme is offered to international applicants"
lovely-professional-university,Bachelor Of Physical Education Bped,UG,education,,Phagwara,on-campus,open_to_international,https://www.lpu.in/international/programmes/bachelor-of-physical-education-bped,https://www.lpu.in/international/programmes/bachelor-of-physical-education-bped,,no,,bed,"Page lives under lpu.in/international/programmes/ (LPU's international-admissions programme directory), which is LPU's standing evidence that the programme is offered to international applicants"
lovely-professional-university,Bachelor Of Social Work,UG,arts-humanities-social-sciences,,Phagwara,on-campus,open_to_international,https://www.lpu.in/international/programmes/bachelor-of-social-work,https://www.lpu.in/international/programmes/bachelor-of-social-work,,no,,GAP:bachelor-of-social-work,"Page lives under lpu.in/international/programmes/ (LPU's international-admissions programme directory), which is LPU's standing evidence that the programme is offered to international applicants"
lovely-professional-university,Bachelor Of Social Work Hons,UG,arts-humanities-social-sciences,,Phagwara,on-campus,open_to_international,https://www.lpu.in/international/programmes/bachelor-of-social-work-hons,https://www.lpu.in/international/programmes/bachelor-of-social-work-hons,,no,,GAP:bachelor-of-social-work-hons,"Page lives under lpu.in/international/programmes/ (LPU's international-admissions programme directory), which is LPU's standing evidence that the programme is offered to international applicants"
lovely-professional-university,Bachelor Of Tourism And Travel Management,UG,hospitality-tourism,,Phagwara,on-campus,open_to_international,https://www.lpu.in/international/programmes/bachelor-of-tourism-and-travel-management,https://www.lpu.in/international/programmes/bachelor-of-tourism-and-travel-management,,no,,bachelor-tourism-management,"Page lives under lpu.in/international/programmes/ (LPU's international-admissions programme directory), which is LPU's standing evidence that the programme is offered to international applicants"
lovely-professional-university,BBA Artificial Intelligence And Machine Learning,UG,computing-it,,Phagwara,on-campus,open_to_international,https://www.lpu.in/international/programmes/bba-artificial-intelligence-and-machine-learning,https://www.lpu.in/international/programmes/bba-artificial-intelligence-and-machine-learning,,no,,be-btech-artificial-intelligence-machine-learning,"Page lives under lpu.in/international/programmes/ (LPU's international-admissions programme directory), which is LPU's standing evidence that the programme is offered to international applicants"
lovely-professional-university,BBA Corporate Finance,UG,business-management,,Phagwara,on-campus,open_to_international,https://www.lpu.in/international/programmes/bba-corporate-finance,https://www.lpu.in/international/programmes/bba-corporate-finance,,no,,msc-finance,"Page lives under lpu.in/international/programmes/ (LPU's international-admissions programme directory), which is LPU's standing evidence that the programme is offered to international applicants"
lovely-professional-university,BBA Digital Marketing And Artificial Intelligence,UG,computing-it,,Phagwara,on-campus,open_to_international,https://www.lpu.in/international/programmes/bba-digital-marketing-and-artificial-intelligence,https://www.lpu.in/international/programmes/bba-digital-marketing-and-artificial-intelligence,,no,,msc-artificial-intelligence,"Page lives under lpu.in/international/programmes/ (LPU's international-admissions programme directory), which is LPU's standing evidence that the programme is offered to international applicants"
lovely-professional-university,BBA Fintech And Artificial Intelligence,UG,computing-it,,Phagwara,on-campus,open_to_international,https://www.lpu.in/international/programmes/bba-fintech-and-artificial-intelligence,https://www.lpu.in/international/programmes/bba-fintech-and-artificial-intelligence,,no,,msc-artificial-intelligence,"Page lives under lpu.in/international/programmes/ (LPU's international-admissions programme directory), which is LPU's standing evidence that the programme is offered to international applicants"
lovely-professional-university,BBA In Airlines And Airport Management,UG,business-management,,Phagwara,on-campus,open_to_international,https://www.lpu.in/international/programmes/bba-in-airlines-and-airport-management,https://www.lpu.in/international/programmes/bba-in-airlines-and-airport-management,,no,,GAP:bba-in-airlines-and-airport-management,"Page lives under lpu.in/international/programmes/ (LPU's international-admissions programme directory), which is LPU's standing evidence that the programme is offered to international applicants"
lovely-professional-university,BBA In Business Analytics,UG,business-management,,Phagwara,on-campus,open_to_international,https://www.lpu.in/international/programmes/bba-in-business-analytics,https://www.lpu.in/international/programmes/bba-in-business-analytics,,no,,msc-business-analytics,"Page lives under lpu.in/international/programmes/ (LPU's international-admissions programme directory), which is LPU's standing evidence that the programme is offered to international applicants"
lovely-professional-university,BBA In Cargo Logistics And Supply Chain Management,UG,computing-it,,Phagwara,on-campus,open_to_international,https://www.lpu.in/international/programmes/bba-in-cargo-logistics-and-supply-chain-management,https://www.lpu.in/international/programmes/bba-in-cargo-logistics-and-supply-chain-management,,no,,bachelor-logistics-supply-chain,"Page lives under lpu.in/international/programmes/ (LPU's international-admissions programme directory), which is LPU's standing evidence that the programme is offered to international applicants"
lovely-professional-university,BBA In Financial Markets,UG,business-management,,Phagwara,on-campus,open_to_international,https://www.lpu.in/international/programmes/bba-in-financial-markets,https://www.lpu.in/international/programmes/bba-in-financial-markets,,no,,GAP:bba-in-financial-markets,"Page lives under lpu.in/international/programmes/ (LPU's international-admissions programme directory), which is LPU's standing evidence that the programme is offered to international applicants"
lovely-professional-university,BBA In Information Technology,UG,business-management,,Phagwara,on-campus,open_to_international,https://www.lpu.in/international/programmes/bba-in-information-technology,https://www.lpu.in/international/programmes/bba-in-information-technology,,no,,GAP:bba-in-information-technology,"Page lives under lpu.in/international/programmes/ (LPU's international-admissions programme directory), which is LPU's standing evidence that the programme is offered to international applicants"
lovely-professional-university,BBA In Tourism Hospitality Management,UG,business-management,,Phagwara,on-campus,open_to_international,https://www.lpu.in/international/programmes/bba-in-tourism-hospitality-management,https://www.lpu.in/international/programmes/bba-in-tourism-hospitality-management,,no,,bachelor-hospitality-management,"Page lives under lpu.in/international/programmes/ (LPU's international-admissions programme directory), which is LPU's standing evidence that the programme is offered to international applicants"
lovely-professional-university,BBA International Accounting,UG,business-management,,Phagwara,on-campus,open_to_international,https://www.lpu.in/international/programmes/bba-international-accounting,https://www.lpu.in/international/programmes/bba-international-accounting,,no,,bachelor-accounting,"Page lives under lpu.in/international/programmes/ (LPU's international-admissions programme directory), which is LPU's standing evidence that the programme is offered to international applicants"
lovely-professional-university,BBA Lateral Entry,UG,business-management,,Phagwara,on-campus,open_to_international,https://www.lpu.in/international/programmes/bba-lateral-entry,https://www.lpu.in/international/programmes/bba-lateral-entry,,no,,GAP:bba-lateral-entry,"Page lives under lpu.in/international/programmes/ (LPU's international-admissions programme directory), which is LPU's standing evidence that the programme is offered to international applicants; lateral-entry admission route (diploma holders), separate admissions cycle"
lovely-professional-university,BBA With International Transfer Option,UG,business-management,,Phagwara,on-campus,open_to_international,https://www.lpu.in/international/programmes/bba-with-international-transfer-option,https://www.lpu.in/international/programmes/bba-with-international-transfer-option,,no,,GAP:bba-with-international-transfer-option,"Page lives under lpu.in/international/programmes/ (LPU's international-admissions programme directory), which is LPU's standing evidence that the programme is offered to international applicants; international-transfer-option track (study-abroad component), separate admissions track"
lovely-professional-university,BCA Artificial Intelligence Data Analytics,UG,computing-it,,Phagwara,on-campus,open_to_international,https://www.lpu.in/international/programmes/bca-artificial-intelligence-data-analytics,https://www.lpu.in/international/programmes/bca-artificial-intelligence-data-analytics,,no,,msc-artificial-intelligence,"Page lives under lpu.in/international/programmes/ (LPU's international-admissions programme directory), which is LPU's standing evidence that the programme is offered to international applicants"
lovely-professional-university,BCA Artificial Intelligence Machine Learning AI Ml,UG,computing-it,,Phagwara,on-campus,open_to_international,https://www.lpu.in/international/programmes/bca-artificial-intelligence-machine-learning-ai-ml,https://www.lpu.in/international/programmes/bca-artificial-intelligence-machine-learning-ai-ml,,no,,be-btech-artificial-intelligence-machine-learning,"Page lives under lpu.in/international/programmes/ (LPU's international-admissions programme directory), which is LPU's standing evidence that the programme is offered to international applicants"
lovely-professional-university,BCA Virtual Reality With Artificial Intelligence,UG,computing-it,,Phagwara,on-campus,open_to_international,https://www.lpu.in/international/programmes/bca-virtual-reality-with-artificial-intelligence,https://www.lpu.in/international/programmes/bca-virtual-reality-with-artificial-intelligence,,no,,msc-artificial-intelligence,"Page lives under lpu.in/international/programmes/ (LPU's international-admissions programme directory), which is LPU's standing evidence that the programme is offered to international applicants"
lovely-professional-university,Bcmt With International Transfer Option,UG,other,,Phagwara,on-campus,open_to_international,https://www.lpu.in/international/programmes/bcmt-with-international-transfer-option,https://www.lpu.in/international/programmes/bcmt-with-international-transfer-option,,no,,GAP:bcmt-with-international-transfer-option,"Page lives under lpu.in/international/programmes/ (LPU's international-admissions programme directory), which is LPU's standing evidence that the programme is offered to international applicants; international-transfer-option track (study-abroad component), separate admissions track"
lovely-professional-university,B.Com With International Transfer Option,UG,business-management,,Phagwara,on-campus,open_to_international,https://www.lpu.in/international/programmes/bcom-with-international-transfer-option,https://www.lpu.in/international/programmes/bcom-with-international-transfer-option,,no,,GAP:bcom-with-international-transfer-option,"Page lives under lpu.in/international/programmes/ (LPU's international-admissions programme directory), which is LPU's standing evidence that the programme is offered to international applicants; international-transfer-option track (study-abroad component), separate admissions track"
lovely-professional-university,BHMCT Bachelor Of Hotel Management And Catering Technology,UG,hospitality-tourism,,Phagwara,on-campus,open_to_international,https://www.lpu.in/international/programmes/bhmct-bachelor-of-hotel-management-and-catering-technology,https://www.lpu.in/international/programmes/bhmct-bachelor-of-hotel-management-and-catering-technology,,yes,lpu-bhmct,GAP:bhmct-bachelor-of-hotel-management-and-catering-technology,"Page lives under lpu.in/international/programmes/ (LPU's international-admissions programme directory), which is LPU's standing evidence that the programme is offered to international applicants"
lovely-professional-university,BHMCT Bachelor Of Hotel Management And Catering Technology Lateral Entry,UG,hospitality-tourism,,Phagwara,on-campus,open_to_international,https://www.lpu.in/international/programmes/bhmct-bachelor-of-hotel-management-and-catering-technology-lateral-entry,https://www.lpu.in/international/programmes/bhmct-bachelor-of-hotel-management-and-catering-technology-lateral-entry,,no,,GAP:bhmct-bachelor-of-hotel-management-and-catering-technology-lateral-entry,"Page lives under lpu.in/international/programmes/ (LPU's international-admissions programme directory), which is LPU's standing evidence that the programme is offered to international applicants; lateral-entry admission route (diploma holders), separate admissions cycle"
lovely-professional-university,BPT Bachelor Of Physiotherapy,UG,computing-it,,Phagwara,on-campus,open_to_international,https://www.lpu.in/international/programmes/bpt-bachelor-of-physiotherapy,https://www.lpu.in/international/programmes/bpt-bachelor-of-physiotherapy,,no,,bpt,"Page lives under lpu.in/international/programmes/ (LPU's international-admissions programme directory), which is LPU's standing evidence that the programme is offered to international applicants"
lovely-professional-university,BPT Bachelor Of Physiotherapy Lateral Entry,UG,computing-it,,Phagwara,on-campus,open_to_international,https://www.lpu.in/international/programmes/bpt-bachelor-of-physiotherapy-lateral-entry,https://www.lpu.in/international/programmes/bpt-bachelor-of-physiotherapy-lateral-entry,,no,,bpt,"Page lives under lpu.in/international/programmes/ (LPU's international-admissions programme directory), which is LPU's standing evidence that the programme is offered to international applicants; lateral-entry admission route (diploma holders), separate admissions cycle"
lovely-professional-university,B.Sc. Hons Bio Technology,UG,other,,Phagwara,on-campus,open_to_international,https://www.lpu.in/international/programmes/bsc-Hons-bio-technology,https://www.lpu.in/international/programmes/bsc-Hons-bio-technology,,no,,GAP:bsc-hons-bio-technology,"Page lives under lpu.in/international/programmes/ (LPU's international-admissions programme directory), which is LPU's standing evidence that the programme is offered to international applicants"
lovely-professional-university,B.Sc. Hons Microbiology,UG,sciences,,Phagwara,on-campus,open_to_international,https://www.lpu.in/international/programmes/bsc-Hons-microbiology,https://www.lpu.in/international/programmes/bsc-Hons-microbiology,,no,,md-microbiology,"Page lives under lpu.in/international/programmes/ (LPU's international-admissions programme directory), which is LPU's standing evidence that the programme is offered to international applicants"
lovely-professional-university,B.Sc. Operation Theatre And Anaesthesia Technology,UG,health-medicine,,Phagwara,on-campus,open_to_international,https://www.lpu.in/international/programmes/bsc-Operation-Theatre-and-Anaesthesia-Technology,https://www.lpu.in/international/programmes/bsc-Operation-Theatre-and-Anaesthesia-Technology,,no,,GAP:bsc-operation-theatre-and-anaesthesia-technology,"Page lives under lpu.in/international/programmes/ (LPU's international-admissions programme directory), which is LPU's standing evidence that the programme is offered to international applicants"
lovely-professional-university,B.Sc. Animation And VFX Design,UG,design-creative-arts,,Phagwara,on-campus,open_to_international,https://www.lpu.in/international/programmes/bsc-animation-and-vfx-design,https://www.lpu.in/international/programmes/bsc-animation-and-vfx-design,,no,,bachelor-animation-game-design,"Page lives under lpu.in/international/programmes/ (LPU's international-admissions programme directory), which is LPU's standing evidence that the programme is offered to international applicants"
lovely-professional-university,B.Sc. Bakery And Pastry Management,UG,other,,Phagwara,on-campus,open_to_international,https://www.lpu.in/international/programmes/bsc-bakery-and-pastry-management,https://www.lpu.in/international/programmes/bsc-bakery-and-pastry-management,,no,,GAP:bsc-bakery-and-pastry-management,"Page lives under lpu.in/international/programmes/ (LPU's international-admissions programme directory), which is LPU's standing evidence that the programme is offered to international applicants"
lovely-professional-university,B.Sc. Bio Technology,UG,other,,Phagwara,on-campus,open_to_international,https://www.lpu.in/international/programmes/bsc-bio-technology,https://www.lpu.in/international/programmes/bsc-bio-technology,,no,,GAP:bsc-bio-technology,"Page lives under lpu.in/international/programmes/ (LPU's international-admissions programme directory), which is LPU's standing evidence that the programme is offered to international applicants"
lovely-professional-university,B.Sc. Chemistry,UG,sciences,,Phagwara,on-campus,open_to_international,https://www.lpu.in/international/programmes/bsc-chemistry,https://www.lpu.in/international/programmes/bsc-chemistry,,no,,bsc-chemistry,"Page lives under lpu.in/international/programmes/ (LPU's international-admissions programme directory), which is LPU's standing evidence that the programme is offered to international applicants"
lovely-professional-university,B.Sc. Child And Elderly Care,UG,other,,Phagwara,on-campus,open_to_international,https://www.lpu.in/international/programmes/bsc-child-and-elderly-care,https://www.lpu.in/international/programmes/bsc-child-and-elderly-care,,no,,GAP:bsc-child-and-elderly-care,"Page lives under lpu.in/international/programmes/ (LPU's international-admissions programme directory), which is LPU's standing evidence that the programme is offered to international applicants"
lovely-professional-university,B.Sc. Culinary Arts,UG,hospitality-tourism,,Phagwara,on-campus,open_to_international,https://www.lpu.in/international/programmes/bsc-culinary-arts,https://www.lpu.in/international/programmes/bsc-culinary-arts,,no,,bachelor-culinary-arts,"Page lives under lpu.in/international/programmes/ (LPU's international-admissions programme directory), which is LPU's standing evidence that the programme is offered to international applicants"
lovely-professional-university,B.Sc. Design Fashion Lateral Entry,UG,design-creative-arts,,Phagwara,on-campus,open_to_international,https://www.lpu.in/international/programmes/bsc-design-fashion-lateral-entry,https://www.lpu.in/international/programmes/bsc-design-fashion-lateral-entry,,no,,bachelor-fashion-design,"Page lives under lpu.in/international/programmes/ (LPU's international-admissions programme directory), which is LPU's standing evidence that the programme is offered to international applicants; lateral-entry admission route (diploma holders), separate admissions cycle"
lovely-professional-university,B.Sc. Fashion Design,UG,design-creative-arts,,Phagwara,on-campus,open_to_international,https://www.lpu.in/international/programmes/bsc-fashion-design,https://www.lpu.in/international/programmes/bsc-fashion-design,,no,,bachelor-fashion-design,"Page lives under lpu.in/international/programmes/ (LPU's international-admissions programme directory), which is LPU's standing evidence that the programme is offered to international applicants"
lovely-professional-university,B.Sc. Fashion Management And Communication Design,UG,design-creative-arts,,Phagwara,on-campus,open_to_international,https://www.lpu.in/international/programmes/bsc-fashion-management-and-communication-design,https://www.lpu.in/international/programmes/bsc-fashion-management-and-communication-design,,no,,bachelor-fashion-design,"Page lives under lpu.in/international/programmes/ (LPU's international-admissions programme directory), which is LPU's standing evidence that the programme is offered to international applicants"
lovely-professional-university,B.Sc. Film And Tv Production,UG,engineering,,Phagwara,on-campus,open_to_international,https://www.lpu.in/international/programmes/bsc-film-and-tv-production,https://www.lpu.in/international/programmes/bsc-film-and-tv-production,,no,,GAP:bsc-film-and-tv-production,"Page lives under lpu.in/international/programmes/ (LPU's international-admissions programme directory), which is LPU's standing evidence that the programme is offered to international applicants"
lovely-professional-university,B.Sc. Forensic Science,UG,sciences,,Phagwara,on-campus,open_to_international,https://www.lpu.in/international/programmes/bsc-forensic-science,https://www.lpu.in/international/programmes/bsc-forensic-science,,no,,GAP:bsc-forensic-science,"Page lives under lpu.in/international/programmes/ (LPU's international-admissions programme directory), which is LPU's standing evidence that the programme is offered to international applicants"
lovely-professional-university,B.Sc. Gaming Design,UG,design-creative-arts,,Phagwara,on-campus,open_to_international,https://www.lpu.in/international/programmes/bsc-gaming-design,https://www.lpu.in/international/programmes/bsc-gaming-design,,no,,bdes,"Page lives under lpu.in/international/programmes/ (LPU's international-admissions programme directory), which is LPU's standing evidence that the programme is offered to international applicants"
lovely-professional-university,B.Sc. Hons Agriculture,UG,agriculture,,Phagwara,on-campus,open_to_international,https://www.lpu.in/international/programmes/bsc-hons-agriculture,https://www.lpu.in/international/programmes/bsc-hons-agriculture,,yes,lpu-bsc-hons-agriculture,bsc-agriculture,"Page lives under lpu.in/international/programmes/ (LPU's international-admissions programme directory), which is LPU's standing evidence that the programme is offered to international applicants"
lovely-professional-university,B.Sc. Hons Chemistry,UG,sciences,,Phagwara,on-campus,open_to_international,https://www.lpu.in/international/programmes/bsc-hons-chemistry,https://www.lpu.in/international/programmes/bsc-hons-chemistry,,no,,bsc-chemistry,"Page lives under lpu.in/international/programmes/ (LPU's international-admissions programme directory), which is LPU's standing evidence that the programme is offered to international applicants"
lovely-professional-university,B.Sc. Hons Computer Science,UG,computing-it,,Phagwara,on-campus,open_to_international,https://www.lpu.in/international/programmes/bsc-hons-computer-science,https://www.lpu.in/international/programmes/bsc-hons-computer-science,,no,,msc-computer-science,"Page lives under lpu.in/international/programmes/ (LPU's international-admissions programme directory), which is LPU's standing evidence that the programme is offered to international applicants"
lovely-professional-university,B.Sc. Hons Economics,UG,business-management,,Phagwara,on-campus,open_to_international,https://www.lpu.in/international/programmes/bsc-hons-economics,https://www.lpu.in/international/programmes/bsc-hons-economics,,no,,bachelor-economics,"Page lives under lpu.in/international/programmes/ (LPU's international-admissions programme directory), which is LPU's standing evidence that the programme is offered to international applicants"
lovely-professional-university,B.Sc. Hons Food Science And Technology,UG,other,,Phagwara,on-campus,open_to_international,https://www.lpu.in/international/programmes/bsc-hons-food-science-and-technology,https://www.lpu.in/international/programmes/bsc-hons-food-science-and-technology,,no,,bachelor-food-science-technology,"Page lives under lpu.in/international/programmes/ (LPU's international-admissions programme directory), which is LPU's standing evidence that the programme is offered to international applicants"
lovely-professional-university,B.Sc. Hons Forensic Science,UG,sciences,,Phagwara,on-campus,open_to_international,https://www.lpu.in/international/programmes/bsc-hons-forensic-science,https://www.lpu.in/international/programmes/bsc-hons-forensic-science,,no,,GAP:bsc-hons-forensic-science,"Page lives under lpu.in/international/programmes/ (LPU's international-admissions programme directory), which is LPU's standing evidence that the programme is offered to international applicants"
lovely-professional-university,B.Sc. Hons Mathematics,UG,sciences,,Phagwara,on-campus,open_to_international,https://www.lpu.in/international/programmes/bsc-hons-mathematics,https://www.lpu.in/international/programmes/bsc-hons-mathematics,,no,,bsc-mathematics,"Page lives under lpu.in/international/programmes/ (LPU's international-admissions programme directory), which is LPU's standing evidence that the programme is offered to international applicants"
lovely-professional-university,B.Sc. Hons Physics,UG,sciences,,Phagwara,on-campus,open_to_international,https://www.lpu.in/international/programmes/bsc-hons-physics,https://www.lpu.in/international/programmes/bsc-hons-physics,,no,,bsc-physics,"Page lives under lpu.in/international/programmes/ (LPU's international-admissions programme directory), which is LPU's standing evidence that the programme is offered to international applicants"
lovely-professional-university,B.Sc. Hons Zoology,UG,sciences,,Phagwara,on-campus,open_to_international,https://www.lpu.in/international/programmes/bsc-hons-zoology,https://www.lpu.in/international/programmes/bsc-hons-zoology,,no,,GAP:bsc-hons-zoology,"Page lives under lpu.in/international/programmes/ (LPU's international-admissions programme directory), which is LPU's standing evidence that the programme is offered to international applicants"
lovely-professional-university,B.Sc. Hotel And Hospitality Management,UG,hospitality-tourism,,Phagwara,on-campus,open_to_international,https://www.lpu.in/international/programmes/bsc-hotel-and-hospitality-management,https://www.lpu.in/international/programmes/bsc-hotel-and-hospitality-management,,no,,bachelor-hospitality-management,"Page lives under lpu.in/international/programmes/ (LPU's international-admissions programme directory), which is LPU's standing evidence that the programme is offered to international applicants"
lovely-professional-university,B.Sc. Hotel And Hospitality Management Lateral Entry,UG,hospitality-tourism,,Phagwara,on-campus,open_to_international,https://www.lpu.in/international/programmes/bsc-hotel-and-hospitality-management-lateral-entry,https://www.lpu.in/international/programmes/bsc-hotel-and-hospitality-management-lateral-entry,,no,,bachelor-hospitality-management,"Page lives under lpu.in/international/programmes/ (LPU's international-admissions programme directory), which is LPU's standing evidence that the programme is offered to international applicants; lateral-entry admission route (diploma holders), separate admissions cycle"
lovely-professional-university,B.Sc. In Airlines Tourism And Hospitality Management,UG,hospitality-tourism,,Phagwara,on-campus,open_to_international,https://www.lpu.in/international/programmes/bsc-in-airlines-tourism-and-hospitality-management,https://www.lpu.in/international/programmes/bsc-in-airlines-tourism-and-hospitality-management,,no,,bachelor-hospitality-management,"Page lives under lpu.in/international/programmes/ (LPU's international-admissions programme directory), which is LPU's standing evidence that the programme is offered to international applicants"
lovely-professional-university,B.Sc. In Airlines Tourism And Hospitality Management Lateral Entry,UG,hospitality-tourism,,Phagwara,on-campus,open_to_international,https://www.lpu.in/international/programmes/bsc-in-airlines-tourism-and-hospitality-management-lateral-entry,https://www.lpu.in/international/programmes/bsc-in-airlines-tourism-and-hospitality-management-lateral-entry,,no,,bachelor-hospitality-management,"Page lives under lpu.in/international/programmes/ (LPU's international-admissions programme directory), which is LPU's standing evidence that the programme is offered to international applicants; lateral-entry admission route (diploma holders), separate admissions cycle"
lovely-professional-university,B.Sc. Interior And Furniture Design,UG,design-creative-arts,,Phagwara,on-campus,open_to_international,https://www.lpu.in/international/programmes/bsc-interior-and-furniture-design,https://www.lpu.in/international/programmes/bsc-interior-and-furniture-design,,no,,bdes,"Page lives under lpu.in/international/programmes/ (LPU's international-admissions programme directory), which is LPU's standing evidence that the programme is offered to international applicants"
lovely-professional-university,B.Sc. Interior And Furniture Design Lateral Entry,UG,design-creative-arts,,Phagwara,on-campus,open_to_international,https://www.lpu.in/international/programmes/bsc-interior-and-furniture-design-lateral-entry,https://www.lpu.in/international/programmes/bsc-interior-and-furniture-design-lateral-entry,,no,,bdes,"Page lives under lpu.in/international/programmes/ (LPU's international-admissions programme directory), which is LPU's standing evidence that the programme is offered to international applicants; lateral-entry admission route (diploma holders), separate admissions cycle"
lovely-professional-university,B.Sc. IT Lateral Entry,UG,other,,Phagwara,on-campus,open_to_international,https://www.lpu.in/international/programmes/bsc-it-lateral-entry,https://www.lpu.in/international/programmes/bsc-it-lateral-entry,,no,,GAP:bsc-it-lateral-entry,"Page lives under lpu.in/international/programmes/ (LPU's international-admissions programme directory), which is LPU's standing evidence that the programme is offered to international applicants; lateral-entry admission route (diploma holders), separate admissions cycle"
lovely-professional-university,B.Sc. IT With International Transfer Option,UG,other,,Phagwara,on-campus,open_to_international,https://www.lpu.in/international/programmes/bsc-it-with-international-transfer-option,https://www.lpu.in/international/programmes/bsc-it-with-international-transfer-option,,no,,GAP:bsc-it-with-international-transfer-option,"Page lives under lpu.in/international/programmes/ (LPU's international-admissions programme directory), which is LPU's standing evidence that the programme is offered to international applicants; international-transfer-option track (study-abroad component), separate admissions track"
lovely-professional-university,B.Sc. Mathematics,UG,sciences,,Phagwara,on-campus,open_to_international,https://www.lpu.in/international/programmes/bsc-mathematics,https://www.lpu.in/international/programmes/bsc-mathematics,,no,,bsc-mathematics,"Page lives under lpu.in/international/programmes/ (LPU's international-admissions programme directory), which is LPU's standing evidence that the programme is offered to international applicants"
lovely-professional-university,B.Sc. Medical,UG,health-medicine,,Phagwara,on-campus,open_to_international,https://www.lpu.in/international/programmes/bsc-medical,https://www.lpu.in/international/programmes/bsc-medical,,no,,GAP:bsc-medical,"Page lives under lpu.in/international/programmes/ (LPU's international-admissions programme directory), which is LPU's standing evidence that the programme is offered to international applicants"
lovely-professional-university,B.Sc. Medical Laboratory Technology,UG,health-medicine,,Phagwara,on-campus,open_to_international,https://www.lpu.in/international/programmes/bsc-medical-laboratory-technology,https://www.lpu.in/international/programmes/bsc-medical-laboratory-technology,,no,,bsc-medical-laboratory-science,"Page lives under lpu.in/international/programmes/ (LPU's international-admissions programme directory), which is LPU's standing evidence that the programme is offered to international applicants"
lovely-professional-university,B.Sc. Medical Laboratory Technology Lateral Entry,UG,health-medicine,,Phagwara,on-campus,open_to_international,https://www.lpu.in/international/programmes/bsc-medical-laboratory-technology-lateral-entry,https://www.lpu.in/international/programmes/bsc-medical-laboratory-technology-lateral-entry,,no,,bsc-medical-laboratory-science,"Page lives under lpu.in/international/programmes/ (LPU's international-admissions programme directory), which is LPU's standing evidence that the programme is offered to international applicants; lateral-entry admission route (diploma holders), separate admissions cycle"
lovely-professional-university,B.Sc. Microbiology,UG,sciences,,Phagwara,on-campus,open_to_international,https://www.lpu.in/international/programmes/bsc-microbiology,https://www.lpu.in/international/programmes/bsc-microbiology,,no,,md-microbiology,"Page lives under lpu.in/international/programmes/ (LPU's international-admissions programme directory), which is LPU's standing evidence that the programme is offered to international applicants"
lovely-professional-university,B.Sc. Non Medical,UG,health-medicine,,Phagwara,on-campus,open_to_international,https://www.lpu.in/international/programmes/bsc-non-medical,https://www.lpu.in/international/programmes/bsc-non-medical,,no,,GAP:bsc-non-medical,"Page lives under lpu.in/international/programmes/ (LPU's international-admissions programme directory), which is LPU's standing evidence that the programme is offered to international applicants"
lovely-professional-university,B.Sc. Nutrition And Dietetics,UG,other,,Phagwara,on-campus,open_to_international,https://www.lpu.in/international/programmes/bsc-nutrition-and-dietetics,https://www.lpu.in/international/programmes/bsc-nutrition-and-dietetics,,no,,bachelor-nutrition-dietetics,"Page lives under lpu.in/international/programmes/ (LPU's international-admissions programme directory), which is LPU's standing evidence that the programme is offered to international applicants"
lovely-professional-university,B.Sc. Optometry,UG,health-medicine,,Phagwara,on-campus,open_to_international,https://www.lpu.in/international/programmes/bsc-optometry,https://www.lpu.in/international/programmes/bsc-optometry,,no,,GAP:bsc-optometry,"Page lives under lpu.in/international/programmes/ (LPU's international-admissions programme directory), which is LPU's standing evidence that the programme is offered to international applicants"
lovely-professional-university,B.Sc. Physical Education Health And Sports,UG,education,,Phagwara,on-campus,open_to_international,https://www.lpu.in/international/programmes/bsc-physical-education-health-and-sports,https://www.lpu.in/international/programmes/bsc-physical-education-health-and-sports,,no,,bed,"Page lives under lpu.in/international/programmes/ (LPU's international-admissions programme directory), which is LPU's standing evidence that the programme is offered to international applicants"
lovely-professional-university,B.Sc. Physics,UG,sciences,,Phagwara,on-campus,open_to_international,https://www.lpu.in/international/programmes/bsc-physics,https://www.lpu.in/international/programmes/bsc-physics,,no,,bsc-physics,"Page lives under lpu.in/international/programmes/ (LPU's international-admissions programme directory), which is LPU's standing evidence that the programme is offered to international applicants"
lovely-professional-university,B.Sc. Zoology,UG,sciences,,Phagwara,on-campus,open_to_international,https://www.lpu.in/international/programmes/bsc-zoology,https://www.lpu.in/international/programmes/bsc-zoology,,no,,GAP:bsc-zoology,"Page lives under lpu.in/international/programmes/ (LPU's international-admissions programme directory), which is LPU's standing evidence that the programme is offered to international applicants"
lovely-professional-university,B.Tech Biotechnology With International Transfer Option,UG,computing-it,,Phagwara,on-campus,open_to_international,https://www.lpu.in/international/programmes/btech-biotechnology-with-international-transfer-option,https://www.lpu.in/international/programmes/btech-biotechnology-with-international-transfer-option,,no,,GAP:btech-biotechnology-with-international-transfer-option,"Page lives under lpu.in/international/programmes/ (LPU's international-admissions programme directory), which is LPU's standing evidence that the programme is offered to international applicants; international-transfer-option track (study-abroad component), separate admissions track"
lovely-professional-university,B.Sc. IT,UG,other,,Phagwara,on-campus,open_to_international,https://www.lpu.in/international/programmes/computer-applications/bsc-it,https://www.lpu.in/international/programmes/computer-applications/bsc-it,,no,,GAP:bsc-it,"Page lives under lpu.in/international/programmes/ (LPU's international-admissions programme directory), which is LPU's standing evidence that the programme is offered to international applicants"
lovely-professional-university,Lateral Entry In BCA,UG,other,,Phagwara,on-campus,open_to_international,https://www.lpu.in/international/programmes/computer-applications/lateral-entry-in-bca,https://www.lpu.in/international/programmes/computer-applications/lateral-entry-in-bca,,no,,GAP:lateral-entry-in-bca,"Page lives under lpu.in/international/programmes/ (LPU's international-admissions programme directory), which is LPU's standing evidence that the programme is offered to international applicants; lateral-entry admission route (diploma holders), separate admissions cycle"
lovely-professional-university,Diploma In Architectural Assistantship,Diploma,other,,Phagwara,on-campus,open_to_international,https://www.lpu.in/international/programmes/diploma-in-architectural-assistantship,https://www.lpu.in/international/programmes/diploma-in-architectural-assistantship,,no,,GAP:diploma-in-architectural-assistantship,"Page lives under lpu.in/international/programmes/ (LPU's international-admissions programme directory), which is LPU's standing evidence that the programme is offered to international applicants"
lovely-professional-university,Diploma In Child And Elderly Care,Diploma,other,,Phagwara,on-campus,open_to_international,https://www.lpu.in/international/programmes/diploma-in-child-and-elderly-care,https://www.lpu.in/international/programmes/diploma-in-child-and-elderly-care,,no,,GAP:diploma-in-child-and-elderly-care,"Page lives under lpu.in/international/programmes/ (LPU's international-admissions programme directory), which is LPU's standing evidence that the programme is offered to international applicants"
lovely-professional-university,Diploma In Library And Information Science,Diploma,other,,Phagwara,on-campus,open_to_international,https://www.lpu.in/international/programmes/diploma-in-library-and-information-science,https://www.lpu.in/international/programmes/diploma-in-library-and-information-science,,no,,GAP:diploma-in-library-and-information-science,"Page lives under lpu.in/international/programmes/ (LPU's international-admissions programme directory), which is LPU's standing evidence that the programme is offered to international applicants"
lovely-professional-university,DMLT Diploma In Medical Laboratory Technology,Diploma,health-medicine,,Phagwara,on-campus,open_to_international,https://www.lpu.in/international/programmes/dmlt-diploma-in-medical-laboratory-technology,https://www.lpu.in/international/programmes/dmlt-diploma-in-medical-laboratory-technology,,no,,bsc-medical-laboratory-science,"Page lives under lpu.in/international/programmes/ (LPU's international-admissions programme directory), which is LPU's standing evidence that the programme is offered to international applicants"
lovely-professional-university,Integrated B.A. B.Ed,Integrated,education,,Phagwara,on-campus,open_to_international,https://www.lpu.in/international/programmes/education/integrated-ba-bed,https://www.lpu.in/international/programmes/education/integrated-ba-bed,,no,,GAP:integrated-ba-bed,"Page lives under lpu.in/international/programmes/ (LPU's international-admissions programme directory), which is LPU's standing evidence that the programme is offered to international applicants"
lovely-professional-university,B Tech Biomedical Lateral Entry,UG,engineering,,Phagwara,on-campus,open_to_international,https://www.lpu.in/international/programmes/engineering/b-tech-Biomedical-lateral-entry,https://www.lpu.in/international/programmes/engineering/b-tech-Biomedical-lateral-entry,,no,,be-btech-biomedical-engineering,"Page lives under lpu.in/international/programmes/ (LPU's international-admissions programme directory), which is LPU's standing evidence that the programme is offered to international applicants; lateral-entry admission route (diploma holders), separate admissions cycle"
lovely-professional-university,B Tech Aerospace,UG,engineering,,Phagwara,on-campus,open_to_international,https://www.lpu.in/international/programmes/engineering/b-tech-aerospace,https://www.lpu.in/international/programmes/engineering/b-tech-aerospace,,no,,be-btech-aerospace-engineering,"Page lives under lpu.in/international/programmes/ (LPU's international-admissions programme directory), which is LPU's standing evidence that the programme is offered to international applicants"
lovely-professional-university,B Tech Aerospace Lateral Entry,UG,engineering,,Phagwara,on-campus,open_to_international,https://www.lpu.in/international/programmes/engineering/b-tech-aerospace-lateral-entry,https://www.lpu.in/international/programmes/engineering/b-tech-aerospace-lateral-entry,,no,,be-btech-aerospace-engineering,"Page lives under lpu.in/international/programmes/ (LPU's international-admissions programme directory), which is LPU's standing evidence that the programme is offered to international applicants; lateral-entry admission route (diploma holders), separate admissions cycle"
lovely-professional-university,B Tech Automobile,UG,engineering,,Phagwara,on-campus,open_to_international,https://www.lpu.in/international/programmes/engineering/b-tech-automobile,https://www.lpu.in/international/programmes/engineering/b-tech-automobile,,no,,be-btech-automobile-engineering,"Page lives under lpu.in/international/programmes/ (LPU's international-admissions programme directory), which is LPU's standing evidence that the programme is offered to international applicants"
lovely-professional-university,B Tech Automobile Lateral Entry,UG,engineering,,Phagwara,on-campus,open_to_international,https://www.lpu.in/international/programmes/engineering/b-tech-automobile-lateral-entry,https://www.lpu.in/international/programmes/engineering/b-tech-automobile-lateral-entry,,no,,be-btech-automobile-engineering,"Page lives under lpu.in/international/programmes/ (LPU's international-admissions programme directory), which is LPU's standing evidence that the programme is offered to international applicants; lateral-entry admission route (diploma holders), separate admissions cycle"
lovely-professional-university,B Tech Biomedical,UG,engineering,,Phagwara,on-campus,open_to_international,https://www.lpu.in/international/programmes/engineering/b-tech-biomedical,https://www.lpu.in/international/programmes/engineering/b-tech-biomedical,,no,,be-btech-biomedical-engineering,"Page lives under lpu.in/international/programmes/ (LPU's international-admissions programme directory), which is LPU's standing evidence that the programme is offered to international applicants"
lovely-professional-university,B Tech Biotechnology,UG,computing-it,,Phagwara,on-campus,open_to_international,https://www.lpu.in/international/programmes/engineering/b-tech-biotechnology,https://www.lpu.in/international/programmes/engineering/b-tech-biotechnology,,no,,GAP:b-tech-biotechnology,"Page lives under lpu.in/international/programmes/ (LPU's international-admissions programme directory), which is LPU's standing evidence that the programme is offered to international applicants"
lovely-professional-university,B Tech Biotechnology Lateral Entry,UG,computing-it,,Phagwara,on-campus,open_to_international,https://www.lpu.in/international/programmes/engineering/b-tech-biotechnology-lateral-entry,https://www.lpu.in/international/programmes/engineering/b-tech-biotechnology-lateral-entry,,no,,GAP:b-tech-biotechnology-lateral-entry,"Page lives under lpu.in/international/programmes/ (LPU's international-admissions programme directory), which is LPU's standing evidence that the programme is offered to international applicants; lateral-entry admission route (diploma holders), separate admissions cycle"
lovely-professional-university,B Tech Chemical,UG,other,,Phagwara,on-campus,open_to_international,https://www.lpu.in/international/programmes/engineering/b-tech-chemical,https://www.lpu.in/international/programmes/engineering/b-tech-chemical,,no,,be-btech-chemical-engineering,"Page lives under lpu.in/international/programmes/ (LPU's international-admissions programme directory), which is LPU's standing evidence that the programme is offered to international applicants"
lovely-professional-university,B Tech Chemical Lateral Entry,UG,other,,Phagwara,on-campus,open_to_international,https://www.lpu.in/international/programmes/engineering/b-tech-chemical-lateral-entry,https://www.lpu.in/international/programmes/engineering/b-tech-chemical-lateral-entry,,no,,be-btech-chemical-engineering,"Page lives under lpu.in/international/programmes/ (LPU's international-admissions programme directory), which is LPU's standing evidence that the programme is offered to international applicants; lateral-entry admission route (diploma holders), separate admissions cycle"
lovely-professional-university,B Tech Civil,UG,engineering,,Phagwara,on-campus,open_to_international,https://www.lpu.in/international/programmes/engineering/b-tech-civil,https://www.lpu.in/international/programmes/engineering/b-tech-civil,,no,,be-btech-civil-engineering,"Page lives under lpu.in/international/programmes/ (LPU's international-admissions programme directory), which is LPU's standing evidence that the programme is offered to international applicants"
lovely-professional-university,B Tech Civil Lateral Entry,UG,engineering,,Phagwara,on-campus,open_to_international,https://www.lpu.in/international/programmes/engineering/b-tech-civil-lateral-entry,https://www.lpu.in/international/programmes/engineering/b-tech-civil-lateral-entry,,no,,be-btech-civil-engineering,"Page lives under lpu.in/international/programmes/ (LPU's international-admissions programme directory), which is LPU's standing evidence that the programme is offered to international applicants; lateral-entry admission route (diploma holders), separate admissions cycle"
lovely-professional-university,B Tech Computer Science,UG,computing-it,,Phagwara,on-campus,open_to_international,https://www.lpu.in/international/programmes/engineering/b-tech-computer-science,https://www.lpu.in/international/programmes/engineering/b-tech-computer-science,,yes,lpu-btech-computer-science-engineering,be-btech-computer-science-engineering,"Page lives under lpu.in/international/programmes/ (LPU's international-admissions programme directory), which is LPU's standing evidence that the programme is offered to international applicants"
lovely-professional-university,B Tech Computer Science And Business Systems,UG,computing-it,,Phagwara,on-campus,open_to_international,https://www.lpu.in/international/programmes/engineering/b-tech-computer-science-and-business-systems,https://www.lpu.in/international/programmes/engineering/b-tech-computer-science-and-business-systems,,no,,be-btech-computer-science-engineering,"Page lives under lpu.in/international/programmes/ (LPU's international-admissions programme directory), which is LPU's standing evidence that the programme is offered to international applicants"
lovely-professional-university,B Tech Computer Science Lateral Entry,UG,computing-it,,Phagwara,on-campus,open_to_international,https://www.lpu.in/international/programmes/engineering/b-tech-computer-science-lateral-entry,https://www.lpu.in/international/programmes/engineering/b-tech-computer-science-lateral-entry,,no,,be-btech-computer-science-engineering,"Page lives under lpu.in/international/programmes/ (LPU's international-admissions programme directory), which is LPU's standing evidence that the programme is offered to international applicants; lateral-entry admission route (diploma holders), separate admissions cycle"
lovely-professional-university,B Tech Computer Science With International Transfer Option,UG,computing-it,,Phagwara,on-campus,open_to_international,https://www.lpu.in/international/programmes/engineering/b-tech-computer-science-with-international-transfer-option,https://www.lpu.in/international/programmes/engineering/b-tech-computer-science-with-international-transfer-option,,no,,be-btech-computer-science-engineering,"Page lives under lpu.in/international/programmes/ (LPU's international-admissions programme directory), which is LPU's standing evidence that the programme is offered to international applicants; international-transfer-option track (study-abroad component), separate admissions track"
lovely-professional-university,B Tech Construction Lateral Entry,UG,engineering,,Phagwara,on-campus,open_to_international,https://www.lpu.in/international/programmes/engineering/b-tech-construction-lateral-entry,https://www.lpu.in/international/programmes/engineering/b-tech-construction-lateral-entry,,no,,GAP:b-tech-construction-lateral-entry,"Page lives under lpu.in/international/programmes/ (LPU's international-admissions programme directory), which is LPU's standing evidence that the programme is offered to international applicants; lateral-entry admission route (diploma holders), separate admissions cycle"
lovely-professional-university,B Tech CSE AI And Data Engineering,UG,computing-it,,Phagwara,on-campus,open_to_international,https://www.lpu.in/international/programmes/engineering/b-tech-cse-ai-and-data-engineering,https://www.lpu.in/international/programmes/engineering/b-tech-cse-ai-and-data-engineering,,no,,be-btech-data-science,"Page lives under lpu.in/international/programmes/ (LPU's international-admissions programme directory), which is LPU's standing evidence that the programme is offered to international applicants"
lovely-professional-university,B Tech CSE Artificial Intelligence And Machine Learning,UG,computing-it,,Phagwara,on-campus,open_to_international,https://www.lpu.in/international/programmes/engineering/b-tech-cse-artificial-intelligence-and-machine-learning,https://www.lpu.in/international/programmes/engineering/b-tech-cse-artificial-intelligence-and-machine-learning,,no,,be-btech-artificial-intelligence-machine-learning,"Page lives under lpu.in/international/programmes/ (LPU's international-admissions programme directory), which is LPU's standing evidence that the programme is offered to international applicants"
lovely-professional-university,B Tech CSE Artificial Intelligence And Machine Learning Lateral Entry,UG,computing-it,,Phagwara,on-campus,open_to_international,https://www.lpu.in/international/programmes/engineering/b-tech-cse-artificial-intelligence-and-machine-learning-lateral-entry,https://www.lpu.in/international/programmes/engineering/b-tech-cse-artificial-intelligence-and-machine-learning-lateral-entry,,no,,be-btech-artificial-intelligence-machine-learning,"Page lives under lpu.in/international/programmes/ (LPU's international-admissions programme directory), which is LPU's standing evidence that the programme is offered to international applicants; lateral-entry admission route (diploma holders), separate admissions cycle"
lovely-professional-university,B Tech CSE Big Data And AI Analytics Tie Up With Ibm,UG,computing-it,,Phagwara,on-campus,open_to_international,https://www.lpu.in/international/programmes/engineering/b-tech-cse-big-data-and-ai-analytics-tie-up-with-ibm,https://www.lpu.in/international/programmes/engineering/b-tech-cse-big-data-and-ai-analytics-tie-up-with-ibm,,no,,be-btech-data-science,"Page lives under lpu.in/international/programmes/ (LPU's international-admissions programme directory), which is LPU's standing evidence that the programme is offered to international applicants"
lovely-professional-university,B Tech CSE Cloud Based Devops With Xebia,UG,computing-it,,Phagwara,on-campus,open_to_international,https://www.lpu.in/international/programmes/engineering/b-tech-cse-cloud-based-devops-with-xebia,https://www.lpu.in/international/programmes/engineering/b-tech-cse-cloud-based-devops-with-xebia,,no,,GAP:b-tech-cse-cloud-based-devops-with-xebia,"Page lives under lpu.in/international/programmes/ (LPU's international-admissions programme directory), which is LPU's standing evidence that the programme is offered to international applicants"
lovely-professional-university,B Tech CSE Cloud Computing,UG,computing-it,,Phagwara,on-campus,open_to_international,https://www.lpu.in/international/programmes/engineering/b-tech-cse-cloud-computing,https://www.lpu.in/international/programmes/engineering/b-tech-cse-cloud-computing,,no,,GAP:b-tech-cse-cloud-computing,"Page lives under lpu.in/international/programmes/ (LPU's international-admissions programme directory), which is LPU's standing evidence that the programme is offered to international applicants"
lovely-professional-university,B Tech CSE Cyber Security Compliance And Risk,UG,computing-it,,Phagwara,on-campus,open_to_international,https://www.lpu.in/international/programmes/engineering/b-tech-cse-cyber-security-compliance-and-risk,https://www.lpu.in/international/programmes/engineering/b-tech-cse-cyber-security-compliance-and-risk,,no,,be-btech-cyber-security,"Page lives under lpu.in/international/programmes/ (LPU's international-admissions programme directory), which is LPU's standing evidence that the programme is offered to international applicants"
lovely-professional-university,B Tech CSE Genrative Artificial Intelligence,UG,computing-it,,Phagwara,on-campus,open_to_international,https://www.lpu.in/international/programmes/engineering/b-tech-cse-genrative-artificial-intelligence,https://www.lpu.in/international/programmes/engineering/b-tech-cse-genrative-artificial-intelligence,,no,,be-btech-artificial-intelligence-machine-learning,"Page lives under lpu.in/international/programmes/ (LPU's international-admissions programme directory), which is LPU's standing evidence that the programme is offered to international applicants"
lovely-professional-university,B Tech CSE Internet Of Things IoT,UG,computing-it,,Phagwara,on-campus,open_to_international,https://www.lpu.in/international/programmes/engineering/b-tech-cse-internet-of-things-iot,https://www.lpu.in/international/programmes/engineering/b-tech-cse-internet-of-things-iot,,no,,GAP:b-tech-cse-internet-of-things-iot,"Page lives under lpu.in/international/programmes/ (LPU's international-admissions programme directory), which is LPU's standing evidence that the programme is offered to international applicants"
lovely-professional-university,B Tech CSE Robotics And Artificial Intelligence,UG,computing-it,,Phagwara,on-campus,open_to_international,https://www.lpu.in/international/programmes/engineering/b-tech-cse-robotics-and-artificial-intelligence,https://www.lpu.in/international/programmes/engineering/b-tech-cse-robotics-and-artificial-intelligence,,no,,be-btech-artificial-intelligence-machine-learning,"Page lives under lpu.in/international/programmes/ (LPU's international-admissions programme directory), which is LPU's standing evidence that the programme is offered to international applicants"
lovely-professional-university,B Tech CSE Software Product,UG,computing-it,,Phagwara,on-campus,open_to_international,https://www.lpu.in/international/programmes/engineering/b-tech-cse-software-product,https://www.lpu.in/international/programmes/engineering/b-tech-cse-software-product,,no,,be-btech-software-engineering,"Page lives under lpu.in/international/programmes/ (LPU's international-admissions programme directory), which is LPU's standing evidence that the programme is offered to international applicants"
lovely-professional-university,B Tech CSE Specialization In Data Science Ml And AI,UG,computing-it,,Phagwara,on-campus,open_to_international,https://www.lpu.in/international/programmes/engineering/b-tech-cse-specialization-in-data-science-ml-and-ai,https://www.lpu.in/international/programmes/engineering/b-tech-cse-specialization-in-data-science-ml-and-ai,,no,,be-btech-data-science,"Page lives under lpu.in/international/programmes/ (LPU's international-admissions programme directory), which is LPU's standing evidence that the programme is offered to international applicants"
lovely-professional-university,B Tech ECE Vlsi Design,UG,design-creative-arts,,Phagwara,on-campus,open_to_international,https://www.lpu.in/international/programmes/engineering/b-tech-ece-vlsi-design,https://www.lpu.in/international/programmes/engineering/b-tech-ece-vlsi-design,,no,,bdes,"Page lives under lpu.in/international/programmes/ (LPU's international-admissions programme directory), which is LPU's standing evidence that the programme is offered to international applicants"
lovely-professional-university,B Tech Electrical,UG,engineering,,Phagwara,on-campus,open_to_international,https://www.lpu.in/international/programmes/engineering/b-tech-electrical,https://www.lpu.in/international/programmes/engineering/b-tech-electrical,,no,,be-btech-electrical-engineering,"Page lives under lpu.in/international/programmes/ (LPU's international-admissions programme directory), which is LPU's standing evidence that the programme is offered to international applicants"
lovely-professional-university,B Tech Electrical And Computer Engineering,UG,computing-it,,Phagwara,on-campus,open_to_international,https://www.lpu.in/international/programmes/engineering/b-tech-electrical-and-computer-engineering,https://www.lpu.in/international/programmes/engineering/b-tech-electrical-and-computer-engineering,,no,,be-btech-computer-science-engineering,"Page lives under lpu.in/international/programmes/ (LPU's international-admissions programme directory), which is LPU's standing evidence that the programme is offered to international applicants"
lovely-professional-university,B Tech Electrical And Electronics,UG,engineering,,Phagwara,on-campus,open_to_international,https://www.lpu.in/international/programmes/engineering/b-tech-electrical-and-electronics,https://www.lpu.in/international/programmes/engineering/b-tech-electrical-and-electronics,,no,,be-btech-electrical-electronics-engineering,"Page lives under lpu.in/international/programmes/ (LPU's international-admissions programme directory), which is LPU's standing evidence that the programme is offered to international applicants"
lovely-professional-university,B Tech Electrical And Electronics Lateral Entry,UG,computing-it,,Phagwara,on-campus,open_to_international,https://www.lpu.in/international/programmes/engineering/b-tech-electrical-and-electronics-lateral-entry,https://www.lpu.in/international/programmes/engineering/b-tech-electrical-and-electronics-lateral-entry,,no,,be-btech-electrical-electronics-engineering,"Page lives under lpu.in/international/programmes/ (LPU's international-admissions programme directory), which is LPU's standing evidence that the programme is offered to international applicants; lateral-entry admission route (diploma holders), separate admissions cycle"
lovely-professional-university,B Tech Electrical Lateral Entry,UG,engineering,,Phagwara,on-campus,open_to_international,https://www.lpu.in/international/programmes/engineering/b-tech-electrical-lateral-entry,https://www.lpu.in/international/programmes/engineering/b-tech-electrical-lateral-entry,,no,,be-btech-electrical-engineering,"Page lives under lpu.in/international/programmes/ (LPU's international-admissions programme directory), which is LPU's standing evidence that the programme is offered to international applicants; lateral-entry admission route (diploma holders), separate admissions cycle"
lovely-professional-university,B Tech Electronics And Communications,UG,computing-it,,Phagwara,on-campus,open_to_international,https://www.lpu.in/international/programmes/engineering/b-tech-electronics-and-communications,https://www.lpu.in/international/programmes/engineering/b-tech-electronics-and-communications,,no,,be-btech-electronics-communication-engineering,"Page lives under lpu.in/international/programmes/ (LPU's international-admissions programme directory), which is LPU's standing evidence that the programme is offered to international applicants"
lovely-professional-university,B Tech Electronics And Communications Lateral Entry,UG,computing-it,,Phagwara,on-campus,open_to_international,https://www.lpu.in/international/programmes/engineering/b-tech-electronics-and-communications-lateral-entry,https://www.lpu.in/international/programmes/engineering/b-tech-electronics-and-communications-lateral-entry,,no,,be-btech-electronics-communication-engineering,"Page lives under lpu.in/international/programmes/ (LPU's international-admissions programme directory), which is LPU's standing evidence that the programme is offered to international applicants; lateral-entry admission route (diploma holders), separate admissions cycle"
lovely-professional-university,B Tech Food Technology,UG,other,,Phagwara,on-campus,open_to_international,https://www.lpu.in/international/programmes/engineering/b-tech-food-technology,https://www.lpu.in/international/programmes/engineering/b-tech-food-technology,,no,,bachelor-food-science-technology,"Page lives under lpu.in/international/programmes/ (LPU's international-admissions programme directory), which is LPU's standing evidence that the programme is offered to international applicants"
lovely-professional-university,B Tech Hons CSE Applied Artificial Intelligence,UG,computing-it,,Phagwara,on-campus,open_to_international,https://www.lpu.in/international/programmes/engineering/b-tech-hons-cse-applied-artificial-intelligence,https://www.lpu.in/international/programmes/engineering/b-tech-hons-cse-applied-artificial-intelligence,,no,,be-btech-artificial-intelligence-machine-learning,"Page lives under lpu.in/international/programmes/ (LPU's international-admissions programme directory), which is LPU's standing evidence that the programme is offered to international applicants"
lovely-professional-university,B Tech Hons CSE Cyber Security And Block Chain,UG,computing-it,,Phagwara,on-campus,open_to_international,https://www.lpu.in/international/programmes/engineering/b-tech-hons-cse-cyber-security-and-block-chain,https://www.lpu.in/international/programmes/engineering/b-tech-hons-cse-cyber-security-and-block-chain,,no,,be-btech-cyber-security,"Page lives under lpu.in/international/programmes/ (LPU's international-admissions programme directory), which is LPU's standing evidence that the programme is offered to international applicants"
lovely-professional-university,B Tech Hons CSE Data Science And Data Engineering,UG,computing-it,,Phagwara,on-campus,open_to_international,https://www.lpu.in/international/programmes/engineering/b-tech-hons-cse-data-science-and-data-engineering,https://www.lpu.in/international/programmes/engineering/b-tech-hons-cse-data-science-and-data-engineering,,no,,be-btech-data-science,"Page lives under lpu.in/international/programmes/ (LPU's international-admissions programme directory), which is LPU's standing evidence that the programme is offered to international applicants"
lovely-professional-university,B Tech Hons CSE Full Stack Software Development,UG,computing-it,,Phagwara,on-campus,open_to_international,https://www.lpu.in/international/programmes/engineering/b-tech-hons-cse-full-stack-software-development,https://www.lpu.in/international/programmes/engineering/b-tech-hons-cse-full-stack-software-development,,no,,be-btech-software-engineering,"Page lives under lpu.in/international/programmes/ (LPU's international-admissions programme directory), which is LPU's standing evidence that the programme is offered to international applicants"
lovely-professional-university,B Tech Information Technology Lateral Entry,UG,other,,Phagwara,on-campus,open_to_international,https://www.lpu.in/international/programmes/engineering/b-tech-information-technology-lateral-entry,https://www.lpu.in/international/programmes/engineering/b-tech-information-technology-lateral-entry,,no,,be-btech-information-technology,"Page lives under lpu.in/international/programmes/ (LPU's international-admissions programme directory), which is LPU's standing evidence that the programme is offered to international applicants; lateral-entry admission route (diploma holders), separate admissions cycle"
lovely-professional-university,B Tech IT Information Technology,UG,other,,Phagwara,on-campus,open_to_international,https://www.lpu.in/international/programmes/engineering/b-tech-it-information-technology,https://www.lpu.in/international/programmes/engineering/b-tech-it-information-technology,,no,,be-btech-information-technology,"Page lives under lpu.in/international/programmes/ (LPU's international-admissions programme directory), which is LPU's standing evidence that the programme is offered to international applicants"
lovely-professional-university,B Tech Me Artificial Intelligence And Machine Learning,UG,computing-it,,Phagwara,on-campus,open_to_international,https://www.lpu.in/international/programmes/engineering/b-tech-me-artificial intelligence-and-machine-learning,https://www.lpu.in/international/programmes/engineering/b-tech-me-artificial intelligence-and-machine-learning,,no,,be-btech-artificial-intelligence-machine-learning,"Page lives under lpu.in/international/programmes/ (LPU's international-admissions programme directory), which is LPU's standing evidence that the programme is offered to international applicants"
lovely-professional-university,B Tech Me Mechatronics,UG,engineering,,Phagwara,on-campus,open_to_international,https://www.lpu.in/international/programmes/engineering/b-tech-me-mechatronics,https://www.lpu.in/international/programmes/engineering/b-tech-me-mechatronics,,no,,be-btech-mechatronics-engineering,"Page lives under lpu.in/international/programmes/ (LPU's international-admissions programme directory), which is LPU's standing evidence that the programme is offered to international applicants"
lovely-professional-university,B Tech Me Mechatronics Lateral Entry,UG,computing-it,,Phagwara,on-campus,open_to_international,https://www.lpu.in/international/programmes/engineering/b-tech-me-mechatronics-lateral-entry,https://www.lpu.in/international/programmes/engineering/b-tech-me-mechatronics-lateral-entry,,no,,be-btech-mechatronics-engineering,"Page lives under lpu.in/international/programmes/ (LPU's international-admissions programme directory), which is LPU's standing evidence that the programme is offered to international applicants; lateral-entry admission route (diploma holders), separate admissions cycle"
lovely-professional-university,B Tech Mechanical,UG,engineering,,Phagwara,on-campus,open_to_international,https://www.lpu.in/international/programmes/engineering/b-tech-mechanical,https://www.lpu.in/international/programmes/engineering/b-tech-mechanical,,no,,be-btech-mechanical-engineering,"Page lives under lpu.in/international/programmes/ (LPU's international-admissions programme directory), which is LPU's standing evidence that the programme is offered to international applicants"
lovely-professional-university,B Tech Mechanical Lateral Entry,UG,engineering,,Phagwara,on-campus,open_to_international,https://www.lpu.in/international/programmes/engineering/b-tech-mechanical-lateral-entry,https://www.lpu.in/international/programmes/engineering/b-tech-mechanical-lateral-entry,,no,,be-btech-mechanical-engineering,"Page lives under lpu.in/international/programmes/ (LPU's international-admissions programme directory), which is LPU's standing evidence that the programme is offered to international applicants; lateral-entry admission route (diploma holders), separate admissions cycle"
lovely-professional-university,B Tech Mechanical With International Transfer,UG,engineering,,Phagwara,on-campus,open_to_international,https://www.lpu.in/international/programmes/engineering/b-tech-mechanical-with-international-transfer,https://www.lpu.in/international/programmes/engineering/b-tech-mechanical-with-international-transfer,,no,,be-btech-mechanical-engineering,"Page lives under lpu.in/international/programmes/ (LPU's international-admissions programme directory), which is LPU's standing evidence that the programme is offered to international applicants; international-transfer-option track (study-abroad component), separate admissions track"
lovely-professional-university,B.Tech Automobile Engineering With International Transfer Option,UG,engineering,,Phagwara,on-campus,open_to_international,https://www.lpu.in/international/programmes/engineering/btech-Automobile-engineering-with-international-transfer-option,https://www.lpu.in/international/programmes/engineering/btech-Automobile-engineering-with-international-transfer-option,,no,,be-btech-automobile-engineering,"Page lives under lpu.in/international/programmes/ (LPU's international-admissions programme directory), which is LPU's standing evidence that the programme is offered to international applicants; international-transfer-option track (study-abroad component), separate admissions track"
lovely-professional-university,B.Tech Mechatronics Engineering With International Transfer Option,UG,computing-it,,Phagwara,on-campus,open_to_international,https://www.lpu.in/international/programmes/engineering/btech-Mechatronics-engineering-with-international-transfer-option,https://www.lpu.in/international/programmes/engineering/btech-Mechatronics-engineering-with-international-transfer-option,,no,,be-btech-mechatronics-engineering,"Page lives under lpu.in/international/programmes/ (LPU's international-admissions programme directory), which is LPU's standing evidence that the programme is offered to international applicants; international-transfer-option track (study-abroad component), separate admissions track"
lovely-professional-university,B.Tech Civil Engineering With International Transfer Option,UG,engineering,,Phagwara,on-campus,open_to_international,https://www.lpu.in/international/programmes/engineering/btech-civil-engineering-with-international-transfer-option,https://www.lpu.in/international/programmes/engineering/btech-civil-engineering-with-international-transfer-option,,no,,be-btech-civil-engineering,"Page lives under lpu.in/international/programmes/ (LPU's international-admissions programme directory), which is LPU's standing evidence that the programme is offered to international applicants; international-transfer-option track (study-abroad component), separate admissions track"
lovely-professional-university,B.Tech CSE User Interface And User Experience,UG,computing-it,,Phagwara,on-campus,open_to_international,https://www.lpu.in/international/programmes/engineering/btech-cse-user-interface-and-user-experience,https://www.lpu.in/international/programmes/engineering/btech-cse-user-interface-and-user-experience,,no,,GAP:btech-cse-user-interface-and-user-experience,"Page lives under lpu.in/international/programmes/ (LPU's international-admissions programme directory), which is LPU's standing evidence that the programme is offered to international applicants"
lovely-professional-university,B.Tech ECE With International Transfer Option,UG,other,,Phagwara,on-campus,open_to_international,https://www.lpu.in/international/programmes/engineering/btech-ece-with-international-transfer-option,https://www.lpu.in/international/programmes/engineering/btech-ece-with-international-transfer-option,,no,,GAP:btech-ece-with-international-transfer-option,"Page lives under lpu.in/international/programmes/ (LPU's international-admissions programme directory), which is LPU's standing evidence that the programme is offered to international applicants; international-transfer-option track (study-abroad component), separate admissions track"
lovely-professional-university,B.Tech In Food Technology Lateral Entry,UG,other,,Phagwara,on-campus,open_to_international,https://www.lpu.in/international/programmes/engineering/btech-in-food-technology-lateral-entry,https://www.lpu.in/international/programmes/engineering/btech-in-food-technology-lateral-entry,,no,,bachelor-food-science-technology,"Page lives under lpu.in/international/programmes/ (LPU's international-admissions programme directory), which is LPU's standing evidence that the programme is offered to international applicants; lateral-entry admission route (diploma holders), separate admissions cycle"
lovely-professional-university,B.Tech In Robotics And Automation Lateral Entry,UG,computing-it,,Phagwara,on-campus,open_to_international,https://www.lpu.in/international/programmes/engineering/btech-in-robotics-and-automation-lateral-entry,https://www.lpu.in/international/programmes/engineering/btech-in-robotics-and-automation-lateral-entry,,no,,be-btech-robotics-automation-engineering,"Page lives under lpu.in/international/programmes/ (LPU's international-admissions programme directory), which is LPU's standing evidence that the programme is offered to international applicants; lateral-entry admission route (diploma holders), separate admissions cycle"
lovely-professional-university,B.Tech Semiconductor Technology And Vlsi Design With International Transfer Option,UG,design-creative-arts,,Phagwara,on-campus,open_to_international,https://www.lpu.in/international/programmes/engineering/btech-semiconductor-technology-and-vlsi-design-with-international-transfer-option,https://www.lpu.in/international/programmes/engineering/btech-semiconductor-technology-and-vlsi-design-with-international-transfer-option,,no,,bdes,"Page lives under lpu.in/international/programmes/ (LPU's international-admissions programme directory), which is LPU's standing evidence that the programme is offered to international applicants; international-transfer-option track (study-abroad component), separate admissions track"
lovely-professional-university,Diploma In Civil,Diploma,engineering,,Phagwara,on-campus,open_to_international,https://www.lpu.in/international/programmes/engineering/diploma-in-civil,https://www.lpu.in/international/programmes/engineering/diploma-in-civil,,no,,GAP:diploma-in-civil,"Page lives under lpu.in/international/programmes/ (LPU's international-admissions programme directory), which is LPU's standing evidence that the programme is offered to international applicants"
lovely-professional-university,Diploma In Civil Lateral Entry,Diploma,engineering,,Phagwara,on-campus,open_to_international,https://www.lpu.in/international/programmes/engineering/diploma-in-civil-lateral-entry,https://www.lpu.in/international/programmes/engineering/diploma-in-civil-lateral-entry,,no,,GAP:diploma-in-civil-lateral-entry,"Page lives under lpu.in/international/programmes/ (LPU's international-admissions programme directory), which is LPU's standing evidence that the programme is offered to international applicants; lateral-entry admission route (diploma holders), separate admissions cycle"
lovely-professional-university,Diploma In Computer Science,Diploma,computing-it,,Phagwara,on-campus,open_to_international,https://www.lpu.in/international/programmes/engineering/diploma-in-computer-science,https://www.lpu.in/international/programmes/engineering/diploma-in-computer-science,,no,,msc-computer-science,"Page lives under lpu.in/international/programmes/ (LPU's international-admissions programme directory), which is LPU's standing evidence that the programme is offered to international applicants"
lovely-professional-university,Diploma In Computer Science Lateral Entry,Diploma,computing-it,,Phagwara,on-campus,open_to_international,https://www.lpu.in/international/programmes/engineering/diploma-in-computer-science-lateral-entry,https://www.lpu.in/international/programmes/engineering/diploma-in-computer-science-lateral-entry,,no,,msc-computer-science,"Page lives under lpu.in/international/programmes/ (LPU's international-admissions programme directory), which is LPU's standing evidence that the programme is offered to international applicants; lateral-entry admission route (diploma holders), separate admissions cycle"
lovely-professional-university,Diploma In Electronics And Communications,Diploma,computing-it,,Phagwara,on-campus,open_to_international,https://www.lpu.in/international/programmes/engineering/diploma-in-electronics-and-Communications,https://www.lpu.in/international/programmes/engineering/diploma-in-electronics-and-Communications,,no,,GAP:diploma-in-electronics-and-communications,"Page lives under lpu.in/international/programmes/ (LPU's international-admissions programme directory), which is LPU's standing evidence that the programme is offered to international applicants"
lovely-professional-university,Diploma In Electronics And Communications Lateral Entry,Diploma,computing-it,,Phagwara,on-campus,open_to_international,https://www.lpu.in/international/programmes/engineering/diploma-in-electronics-and-Communications-lateral-entry,https://www.lpu.in/international/programmes/engineering/diploma-in-electronics-and-Communications-lateral-entry,,no,,GAP:diploma-in-electronics-and-communications-lateral-entry,"Page lives under lpu.in/international/programmes/ (LPU's international-admissions programme directory), which is LPU's standing evidence that the programme is offered to international applicants; lateral-entry admission route (diploma holders), separate admissions cycle"
lovely-professional-university,Diploma In Mechanical,Diploma,engineering,,Phagwara,on-campus,open_to_international,https://www.lpu.in/international/programmes/engineering/diploma-in-mechanical,https://www.lpu.in/international/programmes/engineering/diploma-in-mechanical,,no,,GAP:diploma-in-mechanical,"Page lives under lpu.in/international/programmes/ (LPU's international-admissions programme directory), which is LPU's standing evidence that the programme is offered to international applicants"
lovely-professional-university,Diploma In Mechanical Lateral Entry,Diploma,engineering,,Phagwara,on-campus,open_to_international,https://www.lpu.in/international/programmes/engineering/diploma-in-mechanical-lateral-entry,https://www.lpu.in/international/programmes/engineering/diploma-in-mechanical-lateral-entry,,no,,GAP:diploma-in-mechanical-lateral-entry,"Page lives under lpu.in/international/programmes/ (LPU's international-admissions programme directory), which is LPU's standing evidence that the programme is offered to international applicants; lateral-entry admission route (diploma holders), separate admissions cycle"
lovely-professional-university,M Tech Aerospace,PG,engineering,,Phagwara,on-campus,open_to_international,https://www.lpu.in/international/programmes/engineering/m-tech-aerospace,https://www.lpu.in/international/programmes/engineering/m-tech-aerospace,,no,,be-btech-aerospace-engineering,"Page lives under lpu.in/international/programmes/ (LPU's international-admissions programme directory), which is LPU's standing evidence that the programme is offered to international applicants"
lovely-professional-university,M Tech In Construction Management,PG,engineering,,Phagwara,on-campus,open_to_international,https://www.lpu.in/international/programmes/engineering/m-tech-in-construction-management,https://www.lpu.in/international/programmes/engineering/m-tech-in-construction-management,,no,,GAP:m-tech-in-construction-management,"Page lives under lpu.in/international/programmes/ (LPU's international-admissions programme directory), which is LPU's standing evidence that the programme is offered to international applicants"
lovely-professional-university,M Tech In CSE Computer Science,PG,computing-it,,Phagwara,on-campus,open_to_international,https://www.lpu.in/international/programmes/engineering/m-tech-in-cse-computer-science,https://www.lpu.in/international/programmes/engineering/m-tech-in-cse-computer-science,,no,,be-btech-computer-science-engineering,"Page lives under lpu.in/international/programmes/ (LPU's international-admissions programme directory), which is LPU's standing evidence that the programme is offered to international applicants"
lovely-professional-university,M Tech In ECE Electronics And Communications,PG,computing-it,,Phagwara,on-campus,open_to_international,https://www.lpu.in/international/programmes/engineering/m-tech-in-ece-electronics-and-communications,https://www.lpu.in/international/programmes/engineering/m-tech-in-ece-electronics-and-communications,,no,,be-btech-electronics-communication-engineering,"Page lives under lpu.in/international/programmes/ (LPU's international-admissions programme directory), which is LPU's standing evidence that the programme is offered to international applicants"
lovely-professional-university,M Tech In Food Technology,PG,other,,Phagwara,on-campus,open_to_international,https://www.lpu.in/international/programmes/engineering/m-tech-in-food-technology,https://www.lpu.in/international/programmes/engineering/m-tech-in-food-technology,,no,,bachelor-food-science-technology,"Page lives under lpu.in/international/programmes/ (LPU's international-admissions programme directory), which is LPU's standing evidence that the programme is offered to international applicants"
lovely-professional-university,M Tech In Power System,PG,other,,Phagwara,on-campus,open_to_international,https://www.lpu.in/international/programmes/engineering/m-tech-in-power-system,https://www.lpu.in/international/programmes/engineering/m-tech-in-power-system,,no,,GAP:m-tech-in-power-system,"Page lives under lpu.in/international/programmes/ (LPU's international-admissions programme directory), which is LPU's standing evidence that the programme is offered to international applicants"
lovely-professional-university,M Tech In Structural,PG,engineering,,Phagwara,on-campus,open_to_international,https://www.lpu.in/international/programmes/engineering/m-tech-in-structural,https://www.lpu.in/international/programmes/engineering/m-tech-in-structural,,no,,GAP:m-tech-in-structural,"Page lives under lpu.in/international/programmes/ (LPU's international-admissions programme directory), which is LPU's standing evidence that the programme is offered to international applicants"
lovely-professional-university,M Tech In Transportation,PG,engineering,,Phagwara,on-campus,open_to_international,https://www.lpu.in/international/programmes/engineering/m-tech-in-transportation,https://www.lpu.in/international/programmes/engineering/m-tech-in-transportation,,no,,GAP:m-tech-in-transportation,"Page lives under lpu.in/international/programmes/ (LPU's international-admissions programme directory), which is LPU's standing evidence that the programme is offered to international applicants"
lovely-professional-university,M.Tech Biotechnology,PG,computing-it,,Phagwara,on-campus,open_to_international,https://www.lpu.in/international/programmes/engineering/mtech-biotechnology,https://www.lpu.in/international/programmes/engineering/mtech-biotechnology,,no,,GAP:mtech-biotechnology,"Page lives under lpu.in/international/programmes/ (LPU's international-admissions programme directory), which is LPU's standing evidence that the programme is offered to international applicants"
lovely-professional-university,M.Tech Machine Learning Artificial Intelligence,PG,computing-it,,Phagwara,on-campus,open_to_international,https://www.lpu.in/international/programmes/engineering/mtech-machine-learning-artificial-intelligence,https://www.lpu.in/international/programmes/engineering/mtech-machine-learning-artificial-intelligence,,no,,be-btech-artificial-intelligence-machine-learning,"Page lives under lpu.in/international/programmes/ (LPU's international-admissions programme directory), which is LPU's standing evidence that the programme is offered to international applicants"
lovely-professional-university,B.A. Fine Arts,UG,design-creative-arts,,Phagwara,on-campus,open_to_international,https://www.lpu.in/international/programmes/fine-arts/ba-fine-arts,https://www.lpu.in/international/programmes/fine-arts/ba-fine-arts,,no,,bfa,"Page lives under lpu.in/international/programmes/ (LPU's international-admissions programme directory), which is LPU's standing evidence that the programme is offered to international applicants"
lovely-professional-university,BFA Fine Arts,UG,design-creative-arts,,Phagwara,on-campus,open_to_international,https://www.lpu.in/international/programmes/fine-arts/bfa-fine-arts,https://www.lpu.in/international/programmes/fine-arts/bfa-fine-arts,,no,,bfa,"Page lives under lpu.in/international/programmes/ (LPU's international-admissions programme directory), which is LPU's standing evidence that the programme is offered to international applicants"
lovely-professional-university,Full Time M Tech Data Science And Analytics,UG,computing-it,,Phagwara,on-campus,open_to_international,https://www.lpu.in/international/programmes/full-time-m-tech-data-science-and-analytics,https://www.lpu.in/international/programmes/full-time-m-tech-data-science-and-analytics,,no,,be-btech-data-science,"Page lives under lpu.in/international/programmes/ (LPU's international-admissions programme directory), which is LPU's standing evidence that the programme is offered to international applicants"
lovely-professional-university,Full Time M Tech Information Security And Cyber Forensics,UG,computing-it,,Phagwara,on-campus,open_to_international,https://www.lpu.in/international/programmes/full-time-m-tech-information-security-and-cyber-forensics,https://www.lpu.in/international/programmes/full-time-m-tech-information-security-and-cyber-forensics,,no,,be-btech-cyber-security,"Page lives under lpu.in/international/programmes/ (LPU's international-admissions programme directory), which is LPU's standing evidence that the programme is offered to international applicants"
lovely-professional-university,Full Time M Tech Vlsi Design,UG,design-creative-arts,,Phagwara,on-campus,open_to_international,https://www.lpu.in/international/programmes/full-time-m-tech-vlsi-design,https://www.lpu.in/international/programmes/full-time-m-tech-vlsi-design,,no,,bdes,"Page lives under lpu.in/international/programmes/ (LPU's international-admissions programme directory), which is LPU's standing evidence that the programme is offered to international applicants"
lovely-professional-university,Integrated B.Ed M.Ed,Integrated,education,,Phagwara,on-campus,open_to_international,https://www.lpu.in/international/programmes/integrated-bed-med,https://www.lpu.in/international/programmes/integrated-bed-med,,no,,GAP:integrated-bed-med,"Page lives under lpu.in/international/programmes/ (LPU's international-admissions programme directory), which is LPU's standing evidence that the programme is offered to international applicants"
lovely-professional-university,Integrated B.Plan M.Plan,Integrated,other,,Phagwara,on-campus,open_to_international,https://www.lpu.in/international/programmes/integrated-bplan-mplan,https://www.lpu.in/international/programmes/integrated-bplan-mplan,,no,,GAP:integrated-bplan-mplan,"Page lives under lpu.in/international/programmes/ (LPU's international-admissions programme directory), which is LPU's standing evidence that the programme is offered to international applicants"
lovely-professional-university,Integrated B.Sc. B.Ed,Integrated,education,,Phagwara,on-campus,open_to_international,https://www.lpu.in/international/programmes/integrated-bsc-bed,https://www.lpu.in/international/programmes/integrated-bsc-bed,,no,,GAP:integrated-bsc-bed,"Page lives under lpu.in/international/programmes/ (LPU's international-admissions programme directory), which is LPU's standing evidence that the programme is offered to international applicants"
lovely-professional-university,B.A. LL.B. Hons,Integrated,law,,Phagwara,on-campus,open_to_international,https://www.lpu.in/international/programmes/law/ba-llb-hons,https://www.lpu.in/international/programmes/law/ba-llb-hons,,no,,GAP:ba-llb-hons,"Page lives under lpu.in/international/programmes/ (LPU's international-admissions programme directory), which is LPU's standing evidence that the programme is offered to international applicants"
lovely-professional-university,BBA LL.B. Hons,Integrated,business-management,,Phagwara,on-campus,open_to_international,https://www.lpu.in/international/programmes/law/bba-llb-hons,https://www.lpu.in/international/programmes/law/bba-llb-hons,,no,,GAP:bba-llb-hons,"Page lives under lpu.in/international/programmes/ (LPU's international-admissions programme directory), which is LPU's standing evidence that the programme is offered to international applicants"
lovely-professional-university,LL.B. Bachelor Of Law,UG,law,,Phagwara,on-campus,open_to_international,https://www.lpu.in/international/programmes/law/llb-bachelor-of-law,https://www.lpu.in/international/programmes/law/llb-bachelor-of-law,,no,,GAP:llb-bachelor-of-law,"Page lives under lpu.in/international/programmes/ (LPU's international-admissions programme directory), which is LPU's standing evidence that the programme is offered to international applicants"
lovely-professional-university,LL.M. Master Of Law,PG,law,,Phagwara,on-campus,open_to_international,https://www.lpu.in/international/programmes/law/llm-master-of-law,https://www.lpu.in/international/programmes/law/llm-master-of-law,,no,,GAP:llm-master-of-law,"Page lives under lpu.in/international/programmes/ (LPU's international-admissions programme directory), which is LPU's standing evidence that the programme is offered to international applicants"
lovely-professional-university,M Arch Executive,PG,other,,Phagwara,on-campus,open_to_international,https://www.lpu.in/international/programmes/m-arch-executive,https://www.lpu.in/international/programmes/m-arch-executive,,no,,GAP:m-arch-executive,"Page lives under lpu.in/international/programmes/ (LPU's international-admissions programme directory), which is LPU's standing evidence that the programme is offered to international applicants"
lovely-professional-university,M Com Master Of Commerce,PG,business-management,,Phagwara,on-campus,open_to_international,https://www.lpu.in/international/programmes/m-com-master-of-commerce,https://www.lpu.in/international/programmes/m-com-master-of-commerce,,no,,bcom,"Page lives under lpu.in/international/programmes/ (LPU's international-admissions programme directory), which is LPU's standing evidence that the programme is offered to international applicants"
lovely-professional-university,M Pharm Ayurveda,PG,other,,Phagwara,on-campus,open_to_international,https://www.lpu.in/international/programmes/m-pharm-ayurveda,https://www.lpu.in/international/programmes/m-pharm-ayurveda,,no,,GAP:m-pharm-ayurveda,"Page lives under lpu.in/international/programmes/ (LPU's international-admissions programme directory), which is LPU's standing evidence that the programme is offered to international applicants"
lovely-professional-university,M Pharm Pharmaceutical Analysis,PG,health-medicine,,Phagwara,on-campus,open_to_international,https://www.lpu.in/international/programmes/m-pharm-pharmaceutical-analysis,https://www.lpu.in/international/programmes/m-pharm-pharmaceutical-analysis,,no,,GAP:m-pharm-pharmaceutical-analysis,"Page lives under lpu.in/international/programmes/ (LPU's international-admissions programme directory), which is LPU's standing evidence that the programme is offered to international applicants"
lovely-professional-university,M Pharm Pharmaceutics,PG,health-medicine,,Phagwara,on-campus,open_to_international,https://www.lpu.in/international/programmes/m-pharm-pharmaceutics,https://www.lpu.in/international/programmes/m-pharm-pharmaceutics,,no,,GAP:m-pharm-pharmaceutics,"Page lives under lpu.in/international/programmes/ (LPU's international-admissions programme directory), which is LPU's standing evidence that the programme is offered to international applicants"
lovely-professional-university,M Pharm Pharmacology,PG,health-medicine,,Phagwara,on-campus,open_to_international,https://www.lpu.in/international/programmes/m-pharm-pharmacology,https://www.lpu.in/international/programmes/m-pharm-pharmacology,,no,,md-pharmacology,"Page lives under lpu.in/international/programmes/ (LPU's international-admissions programme directory), which is LPU's standing evidence that the programme is offered to international applicants"
lovely-professional-university,M Sc UI UX Design,PG,computing-it,,Phagwara,on-campus,open_to_international,https://www.lpu.in/international/programmes/m-sc-ui-ux-design,https://www.lpu.in/international/programmes/m-sc-ui-ux-design,,no,,bdes,"Page lives under lpu.in/international/programmes/ (LPU's international-admissions programme directory), which is LPU's standing evidence that the programme is offered to international applicants"
lovely-professional-university,M Tech In Environmental Engineering,PG,sciences,,Phagwara,on-campus,open_to_international,https://www.lpu.in/international/programmes/m-tech-in-environmental-engineering,https://www.lpu.in/international/programmes/m-tech-in-environmental-engineering,,no,,bsc-environmental-science,"Page lives under lpu.in/international/programmes/ (LPU's international-admissions programme directory), which is LPU's standing evidence that the programme is offered to international applicants"
lovely-professional-university,M Tech Research Computer Science With International Transfer Option,PG,computing-it,,Phagwara,on-campus,open_to_international,https://www.lpu.in/international/programmes/m-tech-research-computer-science-with-international-transfer-option,https://www.lpu.in/international/programmes/m-tech-research-computer-science-with-international-transfer-option,,no,,be-btech-computer-science-engineering,"Page lives under lpu.in/international/programmes/ (LPU's international-admissions programme directory), which is LPU's standing evidence that the programme is offered to international applicants; international-transfer-option track (study-abroad component), separate admissions track"
lovely-professional-university,M.tech In  Urban Planning,UG,other,,Phagwara,on-campus,open_to_international,https://www.lpu.in/international/programmes/m.tech-in--urban-planning,https://www.lpu.in/international/programmes/m.tech-in--urban-planning,,no,,bachelor-urban-regional-planning,"Page lives under lpu.in/international/programmes/ (LPU's international-admissions programme directory), which is LPU's standing evidence that the programme is offered to international applicants"
lovely-professional-university,M.A. Clinical Psychology,PG,health-medicine,,Phagwara,on-campus,open_to_international,https://www.lpu.in/international/programmes/ma-clinical-psychology,https://www.lpu.in/international/programmes/ma-clinical-psychology,,no,,master-clinical-psychology,"Page lives under lpu.in/international/programmes/ (LPU's international-admissions programme directory), which is LPU's standing evidence that the programme is offered to international applicants"
lovely-professional-university,M.A. Education,PG,education,,Phagwara,on-campus,open_to_international,https://www.lpu.in/international/programmes/ma-education,https://www.lpu.in/international/programmes/ma-education,,no,,bed,"Page lives under lpu.in/international/programmes/ (LPU's international-admissions programme directory), which is LPU's standing evidence that the programme is offered to international applicants"
lovely-professional-university,M.A. English,PG,arts-humanities-social-sciences,,Phagwara,on-campus,open_to_international,https://www.lpu.in/international/programmes/ma-english,https://www.lpu.in/international/programmes/ma-english,,no,,GAP:ma-english,"Page lives under lpu.in/international/programmes/ (LPU's international-admissions programme directory), which is LPU's standing evidence that the programme is offered to international applicants"
lovely-professional-university,M.A. Hindi,PG,arts-humanities-social-sciences,,Phagwara,on-campus,open_to_international,https://www.lpu.in/international/programmes/ma-hindi,https://www.lpu.in/international/programmes/ma-hindi,,no,,GAP:ma-hindi,"Page lives under lpu.in/international/programmes/ (LPU's international-admissions programme directory), which is LPU's standing evidence that the programme is offered to international applicants"
lovely-professional-university,M.A. History,PG,arts-humanities-social-sciences,,Phagwara,on-campus,open_to_international,https://www.lpu.in/international/programmes/ma-history,https://www.lpu.in/international/programmes/ma-history,,no,,ba-history,"Page lives under lpu.in/international/programmes/ (LPU's international-admissions programme directory), which is LPU's standing evidence that the programme is offered to international applicants"
lovely-professional-university,M.A. In Journalism And Mass Communication,PG,media-communication,,Phagwara,on-campus,open_to_international,https://www.lpu.in/international/programmes/ma-in-journalism-and-mass-communication,https://www.lpu.in/international/programmes/ma-in-journalism-and-mass-communication,,no,,bachelor-journalism,"Page lives under lpu.in/international/programmes/ (LPU's international-admissions programme directory), which is LPU's standing evidence that the programme is offered to international applicants"
lovely-professional-university,M.A. Masters In Economics,PG,business-management,,Phagwara,on-campus,open_to_international,https://www.lpu.in/international/programmes/ma-masters-in-economics,https://www.lpu.in/international/programmes/ma-masters-in-economics,,no,,bachelor-economics,"Page lives under lpu.in/international/programmes/ (LPU's international-admissions programme directory), which is LPU's standing evidence that the programme is offered to international applicants"
lovely-professional-university,M.A. Mathematics,PG,sciences,,Phagwara,on-campus,open_to_international,https://www.lpu.in/international/programmes/ma-mathematics,https://www.lpu.in/international/programmes/ma-mathematics,,no,,bsc-mathematics,"Page lives under lpu.in/international/programmes/ (LPU's international-admissions programme directory), which is LPU's standing evidence that the programme is offered to international applicants"
lovely-professional-university,M.A. Political Science,PG,arts-humanities-social-sciences,,Phagwara,on-campus,open_to_international,https://www.lpu.in/international/programmes/ma-political-science,https://www.lpu.in/international/programmes/ma-political-science,,no,,bachelor-political-science,"Page lives under lpu.in/international/programmes/ (LPU's international-admissions programme directory), which is LPU's standing evidence that the programme is offered to international applicants"
lovely-professional-university,M.A. Psychology,PG,psychology,,Phagwara,on-campus,open_to_international,https://www.lpu.in/international/programmes/ma-psychology,https://www.lpu.in/international/programmes/ma-psychology,,no,,bachelor-psychology,"Page lives under lpu.in/international/programmes/ (LPU's international-admissions programme directory), which is LPU's standing evidence that the programme is offered to international applicants"
lovely-professional-university,M.A. Public Administration,PG,arts-humanities-social-sciences,,Phagwara,on-campus,open_to_international,https://www.lpu.in/international/programmes/ma-public-administration,https://www.lpu.in/international/programmes/ma-public-administration,,no,,master-public-administration,"Page lives under lpu.in/international/programmes/ (LPU's international-admissions programme directory), which is LPU's standing evidence that the programme is offered to international applicants"
lovely-professional-university,M.A. Punjabi,PG,arts-humanities-social-sciences,,Phagwara,on-campus,open_to_international,https://www.lpu.in/international/programmes/ma-punjabi,https://www.lpu.in/international/programmes/ma-punjabi,,no,,GAP:ma-punjabi,"Page lives under lpu.in/international/programmes/ (LPU's international-admissions programme directory), which is LPU's standing evidence that the programme is offered to international applicants"
lovely-professional-university,M.A. Sociology,PG,arts-humanities-social-sciences,,Phagwara,on-campus,open_to_international,https://www.lpu.in/international/programmes/ma-sociology,https://www.lpu.in/international/programmes/ma-sociology,,no,,ba-sociology,"Page lives under lpu.in/international/programmes/ (LPU's international-admissions programme directory), which is LPU's standing evidence that the programme is offered to international applicants"
lovely-professional-university,BBA In International Finance,UG,business-management,,Phagwara,on-campus,open_to_international,https://www.lpu.in/international/programmes/management/bba-in-international-finance,https://www.lpu.in/international/programmes/management/bba-in-international-finance,,no,,msc-finance,"Page lives under lpu.in/international/programmes/ (LPU's international-admissions programme directory), which is LPU's standing evidence that the programme is offered to international applicants"
lovely-professional-university,BBA MBA Integrated,Integrated,business-management,,Phagwara,on-campus,open_to_international,https://www.lpu.in/international/programmes/management/bba-mba-integrated,https://www.lpu.in/international/programmes/management/bba-mba-integrated,,no,,GAP:bba-mba-integrated,"Page lives under lpu.in/international/programmes/ (LPU's international-admissions programme directory), which is LPU's standing evidence that the programme is offered to international applicants"
lovely-professional-university,Diploma In Business Administration,Diploma,business-management,,Phagwara,on-campus,open_to_international,https://www.lpu.in/international/programmes/management/diploma-in-business-administration,https://www.lpu.in/international/programmes/management/diploma-in-business-administration,,no,,dba,"Page lives under lpu.in/international/programmes/ (LPU's international-admissions programme directory), which is LPU's standing evidence that the programme is offered to international applicants"
lovely-professional-university,MBA,PG,business-management,,Phagwara,on-campus,open_to_international,https://www.lpu.in/international/programmes/management/mba,https://www.lpu.in/international/programmes/management/mba,,yes,lpu-mba,GAP:mba,"Page lives under lpu.in/international/programmes/ (LPU's international-admissions programme directory), which is LPU's standing evidence that the programme is offered to international applicants"
lovely-professional-university,MBA In Financial Markets,PG,business-management,,Phagwara,on-campus,open_to_international,https://www.lpu.in/international/programmes/management/mba-in-financial-markets,https://www.lpu.in/international/programmes/management/mba-in-financial-markets,,no,,GAP:mba-in-financial-markets,"Page lives under lpu.in/international/programmes/ (LPU's international-admissions programme directory), which is LPU's standing evidence that the programme is offered to international applicants"
lovely-professional-university,MBA In Hospital And Healthcare Management,PG,business-management,,Phagwara,on-campus,open_to_international,https://www.lpu.in/international/programmes/management/mba-in-hospital-and-healthcare-management,https://www.lpu.in/international/programmes/management/mba-in-hospital-and-healthcare-management,,no,,mba-healthcare-management,"Page lives under lpu.in/international/programmes/ (LPU's international-admissions programme directory), which is LPU's standing evidence that the programme is offered to international applicants"
lovely-professional-university,MBA In Technology Management,PG,business-management,,Phagwara,on-campus,open_to_international,https://www.lpu.in/international/programmes/management/mba-in-technology-management,https://www.lpu.in/international/programmes/management/mba-in-technology-management,,no,,GAP:mba-in-technology-management,"Page lives under lpu.in/international/programmes/ (LPU's international-admissions programme directory), which is LPU's standing evidence that the programme is offered to international applicants"
lovely-professional-university,MBA In Tourism Aviation And Hospitality Management,PG,business-management,,Phagwara,on-campus,open_to_international,https://www.lpu.in/international/programmes/management/mba-in-tourism-aviation-and-hospitality-management,https://www.lpu.in/international/programmes/management/mba-in-tourism-aviation-and-hospitality-management,,no,,bachelor-hospitality-management,"Page lives under lpu.in/international/programmes/ (LPU's international-admissions programme directory), which is LPU's standing evidence that the programme is offered to international applicants"
lovely-professional-university,Master Of Performing Arts Mpa,PG,other,,Phagwara,on-campus,open_to_international,https://www.lpu.in/international/programmes/master-of-Performing-arts-mpa,https://www.lpu.in/international/programmes/master-of-Performing-arts-mpa,,no,,GAP:master-of-performing-arts-mpa,"Page lives under lpu.in/international/programmes/ (LPU's international-admissions programme directory), which is LPU's standing evidence that the programme is offered to international applicants"
lovely-professional-university,Master Of Design In Animation And VFX,PG,design-creative-arts,,Phagwara,on-campus,open_to_international,https://www.lpu.in/international/programmes/master-of-design-in-animation-and-vfx,https://www.lpu.in/international/programmes/master-of-design-in-animation-and-vfx,,no,,bachelor-animation-game-design,"Page lives under lpu.in/international/programmes/ (LPU's international-admissions programme directory), which is LPU's standing evidence that the programme is offered to international applicants"
lovely-professional-university,Master Of Design In Fashion,PG,design-creative-arts,,Phagwara,on-campus,open_to_international,https://www.lpu.in/international/programmes/master-of-design-in-fashion,https://www.lpu.in/international/programmes/master-of-design-in-fashion,,no,,bachelor-fashion-design,"Page lives under lpu.in/international/programmes/ (LPU's international-admissions programme directory), which is LPU's standing evidence that the programme is offered to international applicants"
lovely-professional-university,Master Of Design In Interior And Furniture,PG,design-creative-arts,,Phagwara,on-campus,open_to_international,https://www.lpu.in/international/programmes/master-of-design-in-interior-and-furniture,https://www.lpu.in/international/programmes/master-of-design-in-interior-and-furniture,,no,,bdes,"Page lives under lpu.in/international/programmes/ (LPU's international-admissions programme directory), which is LPU's standing evidence that the programme is offered to international applicants"
lovely-professional-university,Master Of Design In Product And Industrial,PG,engineering,,Phagwara,on-campus,open_to_international,https://www.lpu.in/international/programmes/master-of-design-in-product-and-industrial,https://www.lpu.in/international/programmes/master-of-design-in-product-and-industrial,,no,,bdes,"Page lives under lpu.in/international/programmes/ (LPU's international-admissions programme directory), which is LPU's standing evidence that the programme is offered to international applicants"
lovely-professional-university,Master Of Design In UI UX,PG,computing-it,,Phagwara,on-campus,open_to_international,https://www.lpu.in/international/programmes/master-of-design-in-ui-ux,https://www.lpu.in/international/programmes/master-of-design-in-ui-ux,,no,,bdes,"Page lives under lpu.in/international/programmes/ (LPU's international-admissions programme directory), which is LPU's standing evidence that the programme is offered to international applicants"
lovely-professional-university,Master Of Education M.Ed,PG,education,,Phagwara,on-campus,open_to_international,https://www.lpu.in/international/programmes/master-of-education-med,https://www.lpu.in/international/programmes/master-of-education-med,,no,,bed,"Page lives under lpu.in/international/programmes/ (LPU's international-admissions programme directory), which is LPU's standing evidence that the programme is offered to international applicants"
lovely-professional-university,Master Of Fine Arts MFA,PG,design-creative-arts,,Phagwara,on-campus,open_to_international,https://www.lpu.in/international/programmes/master-of-fine-arts-mfa,https://www.lpu.in/international/programmes/master-of-fine-arts-mfa,,no,,bfa,"Page lives under lpu.in/international/programmes/ (LPU's international-admissions programme directory), which is LPU's standing evidence that the programme is offered to international applicants"
lovely-professional-university,Master Of Library And Information Science,PG,other,,Phagwara,on-campus,open_to_international,https://www.lpu.in/international/programmes/master-of-library-and-information-science,https://www.lpu.in/international/programmes/master-of-library-and-information-science,,no,,GAP:master-of-library-and-information-science,"Page lives under lpu.in/international/programmes/ (LPU's international-admissions programme directory), which is LPU's standing evidence that the programme is offered to international applicants"
lovely-professional-university,Master Of M.Pharm Pharmacy Practice,PG,health-medicine,,Phagwara,on-campus,open_to_international,https://www.lpu.in/international/programmes/master-of-mpharm-pharmacy-practice,https://www.lpu.in/international/programmes/master-of-mpharm-pharmacy-practice,,no,,bpharm,"Page lives under lpu.in/international/programmes/ (LPU's international-admissions programme directory), which is LPU's standing evidence that the programme is offered to international applicants"
lovely-professional-university,Master Of Pharmacy Pharmaceutical Chemistry,PG,sciences,,Phagwara,on-campus,open_to_international,https://www.lpu.in/international/programmes/master-of-pharmacy-pharmaceutical-chemistry,https://www.lpu.in/international/programmes/master-of-pharmacy-pharmaceutical-chemistry,,no,,bsc-chemistry,"Page lives under lpu.in/international/programmes/ (LPU's international-admissions programme directory), which is LPU's standing evidence that the programme is offered to international applicants"
lovely-professional-university,Master Of Physical Education Mped,PG,education,,Phagwara,on-campus,open_to_international,https://www.lpu.in/international/programmes/master-of-physical-education-mped,https://www.lpu.in/international/programmes/master-of-physical-education-mped,,no,,bed,"Page lives under lpu.in/international/programmes/ (LPU's international-admissions programme directory), which is LPU's standing evidence that the programme is offered to international applicants"
lovely-professional-university,Master Of Physiotherapy In Neurology,PG,computing-it,,Phagwara,on-campus,open_to_international,https://www.lpu.in/international/programmes/master-of-physiotherapy-in-neurology,https://www.lpu.in/international/programmes/master-of-physiotherapy-in-neurology,,no,,bpt,"Page lives under lpu.in/international/programmes/ (LPU's international-admissions programme directory), which is LPU's standing evidence that the programme is offered to international applicants"
lovely-professional-university,Master Of Physiotherapy In Orthopedics,PG,computing-it,,Phagwara,on-campus,open_to_international,https://www.lpu.in/international/programmes/master-of-physiotherapy-in-orthopedics,https://www.lpu.in/international/programmes/master-of-physiotherapy-in-orthopedics,,no,,bpt,"Page lives under lpu.in/international/programmes/ (LPU's international-admissions programme directory), which is LPU's standing evidence that the programme is offered to international applicants"
lovely-professional-university,Master Of Physiotherapy MPT Sports,PG,computing-it,,Phagwara,on-campus,open_to_international,https://www.lpu.in/international/programmes/master-of-physiotherapy-mpt-sports,https://www.lpu.in/international/programmes/master-of-physiotherapy-mpt-sports,,no,,bpt,"Page lives under lpu.in/international/programmes/ (LPU's international-admissions programme directory), which is LPU's standing evidence that the programme is offered to international applicants"
lovely-professional-university,Master Of Science In Product And Industrial Design,PG,engineering,,Phagwara,on-campus,open_to_international,https://www.lpu.in/international/programmes/master-of-science-in-product-and-industrial-design,https://www.lpu.in/international/programmes/master-of-science-in-product-and-industrial-design,,no,,bdes,"Page lives under lpu.in/international/programmes/ (LPU's international-admissions programme directory), which is LPU's standing evidence that the programme is offered to international applicants"
lovely-professional-university,Master Of Social Work,PG,arts-humanities-social-sciences,,Phagwara,on-campus,open_to_international,https://www.lpu.in/international/programmes/master-of-social-work,https://www.lpu.in/international/programmes/master-of-social-work,,no,,GAP:master-of-social-work,"Page lives under lpu.in/international/programmes/ (LPU's international-admissions programme directory), which is LPU's standing evidence that the programme is offered to international applicants"
lovely-professional-university,Master Of Tourism And Travel Management,PG,hospitality-tourism,,Phagwara,on-campus,open_to_international,https://www.lpu.in/international/programmes/master-of-tourism-and-travel-management,https://www.lpu.in/international/programmes/master-of-tourism-and-travel-management,,no,,bachelor-tourism-management,"Page lives under lpu.in/international/programmes/ (LPU's international-admissions programme directory), which is LPU's standing evidence that the programme is offered to international applicants"
lovely-professional-university,MBA Data Science And Artificial Intelligence,PG,computing-it,,Phagwara,on-campus,open_to_international,https://www.lpu.in/international/programmes/mba-data-science-and-artificial-intelligence,https://www.lpu.in/international/programmes/mba-data-science-and-artificial-intelligence,,no,,msc-artificial-intelligence,"Page lives under lpu.in/international/programmes/ (LPU's international-admissions programme directory), which is LPU's standing evidence that the programme is offered to international applicants"
lovely-professional-university,MBA In Business Analytics,PG,business-management,,Phagwara,on-campus,open_to_international,https://www.lpu.in/international/programmes/mba-in-business-analytics,https://www.lpu.in/international/programmes/mba-in-business-analytics,,no,,mba-business-analytics,"Page lives under lpu.in/international/programmes/ (LPU's international-admissions programme directory), which is LPU's standing evidence that the programme is offered to international applicants"
lovely-professional-university,MBA In Fintech And Artificial Intelligence,PG,computing-it,,Phagwara,on-campus,open_to_international,https://www.lpu.in/international/programmes/mba-in-fintech-and-artificial-intelligence,https://www.lpu.in/international/programmes/mba-in-fintech-and-artificial-intelligence,,no,,msc-artificial-intelligence,"Page lives under lpu.in/international/programmes/ (LPU's international-admissions programme directory), which is LPU's standing evidence that the programme is offered to international applicants"
lovely-professional-university,MBA In International Business Management,PG,business-management,,Phagwara,on-campus,open_to_international,https://www.lpu.in/international/programmes/mba-in-international-business-management,https://www.lpu.in/international/programmes/mba-in-international-business-management,,no,,mba-international-business,"Page lives under lpu.in/international/programmes/ (LPU's international-admissions programme directory), which is LPU's standing evidence that the programme is offered to international applicants"
lovely-professional-university,MBA In Logistics And Supply Chain Management,PG,computing-it,,Phagwara,on-campus,open_to_international,https://www.lpu.in/international/programmes/mba-in-logistics-and-supply-chain-management,https://www.lpu.in/international/programmes/mba-in-logistics-and-supply-chain-management,,no,,bachelor-logistics-supply-chain,"Page lives under lpu.in/international/programmes/ (LPU's international-admissions programme directory), which is LPU's standing evidence that the programme is offered to international applicants"
lovely-professional-university,MBA With International Transfer Option,PG,business-management,,Phagwara,on-campus,open_to_international,https://www.lpu.in/international/programmes/mba-with-international-transfer-option,https://www.lpu.in/international/programmes/mba-with-international-transfer-option,,no,,mba-international-business,"Page lives under lpu.in/international/programmes/ (LPU's international-admissions programme directory), which is LPU's standing evidence that the programme is offered to international applicants; international-transfer-option track (study-abroad component), separate admissions track"
lovely-professional-university,MCA Hons Cyber Security,PG,computing-it,,Phagwara,on-campus,open_to_international,https://www.lpu.in/international/programmes/mca-hons-cyber-security,https://www.lpu.in/international/programmes/mca-hons-cyber-security,,no,,be-btech-cyber-security,"Page lives under lpu.in/international/programmes/ (LPU's international-admissions programme directory), which is LPU's standing evidence that the programme is offered to international applicants"
lovely-professional-university,MCA Hons Machine Learning And Artificial Intelligence,PG,computing-it,,Phagwara,on-campus,open_to_international,https://www.lpu.in/international/programmes/mca-hons-machine-learning-and-artificial-intelligence,https://www.lpu.in/international/programmes/mca-hons-machine-learning-and-artificial-intelligence,,no,,be-btech-artificial-intelligence-machine-learning,"Page lives under lpu.in/international/programmes/ (LPU's international-admissions programme directory), which is LPU's standing evidence that the programme is offered to international applicants"
lovely-professional-university,MCA Hons Master Of Computer Application,PG,computing-it,,Phagwara,on-campus,open_to_international,https://www.lpu.in/international/programmes/mca-hons-master-of-computer-application,https://www.lpu.in/international/programmes/mca-hons-master-of-computer-application,,no,,msc-computer-science,"Page lives under lpu.in/international/programmes/ (LPU's international-admissions programme directory), which is LPU's standing evidence that the programme is offered to international applicants"
lovely-professional-university,MCA Master Of Computer Application,PG,computing-it,,Phagwara,on-campus,open_to_international,https://www.lpu.in/international/programmes/mca-master-of-computer-application,https://www.lpu.in/international/programmes/mca-master-of-computer-application,,no,,msc-computer-science,"Page lives under lpu.in/international/programmes/ (LPU's international-admissions programme directory), which is LPU's standing evidence that the programme is offered to international applicants"
lovely-professional-university,M.Sc. Agricultural Entomology,PG,agriculture,,Phagwara,on-campus,open_to_international,https://www.lpu.in/international/programmes/msc-agricultural-entomology,https://www.lpu.in/international/programmes/msc-agricultural-entomology,,no,,GAP:msc-agricultural-entomology,"Page lives under lpu.in/international/programmes/ (LPU's international-admissions programme directory), which is LPU's standing evidence that the programme is offered to international applicants"
lovely-professional-university,M.Sc. Agricultural Horticulture Floriculture And Landscaping,PG,agriculture,,Phagwara,on-campus,open_to_international,https://www.lpu.in/international/programmes/msc-agricultural-horticulture-floriculture-and-landscaping,https://www.lpu.in/international/programmes/msc-agricultural-horticulture-floriculture-and-landscaping,,no,,GAP:msc-agricultural-horticulture-floriculture-and-landscaping,"Page lives under lpu.in/international/programmes/ (LPU's international-admissions programme directory), which is LPU's standing evidence that the programme is offered to international applicants"
lovely-professional-university,M.Sc. Agriculture Genetics Plant Breeding,PG,computing-it,,Phagwara,on-campus,open_to_international,https://www.lpu.in/international/programmes/msc-agriculture-genetics-plant-breeding,https://www.lpu.in/international/programmes/msc-agriculture-genetics-plant-breeding,,no,,bsc-agriculture,"Page lives under lpu.in/international/programmes/ (LPU's international-admissions programme directory), which is LPU's standing evidence that the programme is offered to international applicants"
lovely-professional-university,M.Sc. Agriculture Horticulture Fruit Science,PG,computing-it,,Phagwara,on-campus,open_to_international,https://www.lpu.in/international/programmes/msc-agriculture-horticulture-fruit-science,https://www.lpu.in/international/programmes/msc-agriculture-horticulture-fruit-science,,no,,bsc-agriculture,"Page lives under lpu.in/international/programmes/ (LPU's international-admissions programme directory), which is LPU's standing evidence that the programme is offered to international applicants"
lovely-professional-university,M.Sc. Agriculture Horticulture Vegetable Science,PG,agriculture,,Phagwara,on-campus,open_to_international,https://www.lpu.in/international/programmes/msc-agriculture-horticulture-vegetable-science,https://www.lpu.in/international/programmes/msc-agriculture-horticulture-vegetable-science,,no,,bsc-agriculture,"Page lives under lpu.in/international/programmes/ (LPU's international-admissions programme directory), which is LPU's standing evidence that the programme is offered to international applicants"
lovely-professional-university,M.Sc. Agriculture Soil Science,PG,agriculture,,Phagwara,on-campus,open_to_international,https://www.lpu.in/international/programmes/msc-agriculture-soil-science,https://www.lpu.in/international/programmes/msc-agriculture-soil-science,,no,,bsc-agriculture,"Page lives under lpu.in/international/programmes/ (LPU's international-admissions programme directory), which is LPU's standing evidence that the programme is offered to international applicants"
lovely-professional-university,M.Sc. Agronomy,PG,agriculture,,Phagwara,on-campus,open_to_international,https://www.lpu.in/international/programmes/msc-agronomy,https://www.lpu.in/international/programmes/msc-agronomy,,no,,GAP:msc-agronomy,"Page lives under lpu.in/international/programmes/ (LPU's international-admissions programme directory), which is LPU's standing evidence that the programme is offered to international applicants"
lovely-professional-university,M.Sc. Animation And VFX Design,PG,design-creative-arts,,Phagwara,on-campus,open_to_international,https://www.lpu.in/international/programmes/msc-animation-and-vfx-design,https://www.lpu.in/international/programmes/msc-animation-and-vfx-design,,no,,bachelor-animation-game-design,"Page lives under lpu.in/international/programmes/ (LPU's international-admissions programme directory), which is LPU's standing evidence that the programme is offered to international applicants"
lovely-professional-university,M.Sc. Clinical Biochemistry,PG,sciences,,Phagwara,on-campus,open_to_international,https://www.lpu.in/international/programmes/msc-clinical-biochemistry,https://www.lpu.in/international/programmes/msc-clinical-biochemistry,,no,,md-biochemistry,"Page lives under lpu.in/international/programmes/ (LPU's international-admissions programme directory), which is LPU's standing evidence that the programme is offered to international applicants"
lovely-professional-university,M.Sc. Clinical Embryology,PG,health-medicine,,Phagwara,on-campus,open_to_international,https://www.lpu.in/international/programmes/msc-clinical-embryology,https://www.lpu.in/international/programmes/msc-clinical-embryology,,no,,GAP:msc-clinical-embryology,"Page lives under lpu.in/international/programmes/ (LPU's international-admissions programme directory), which is LPU's standing evidence that the programme is offered to international applicants"
lovely-professional-university,M.Sc. Clinical Microbiology,PG,sciences,,Phagwara,on-campus,open_to_international,https://www.lpu.in/international/programmes/msc-clinical-microbiology,https://www.lpu.in/international/programmes/msc-clinical-microbiology,,no,,md-microbiology,"Page lives under lpu.in/international/programmes/ (LPU's international-admissions programme directory), which is LPU's standing evidence that the programme is offered to international applicants"
lovely-professional-university,M.Sc. Data Science,PG,computing-it,,Phagwara,on-campus,open_to_international,https://www.lpu.in/international/programmes/msc-data-science,https://www.lpu.in/international/programmes/msc-data-science,,no,,msc-data-science,"Page lives under lpu.in/international/programmes/ (LPU's international-admissions programme directory), which is LPU's standing evidence that the programme is offered to international applicants"
lovely-professional-university,M.Sc. Economics,PG,business-management,,Phagwara,on-campus,open_to_international,https://www.lpu.in/international/programmes/msc-economics,https://www.lpu.in/international/programmes/msc-economics,,no,,bachelor-economics,"Page lives under lpu.in/international/programmes/ (LPU's international-admissions programme directory), which is LPU's standing evidence that the programme is offered to international applicants"
lovely-professional-university,M.Sc. Fashion Design,PG,design-creative-arts,,Phagwara,on-campus,open_to_international,https://www.lpu.in/international/programmes/msc-fashion-design,https://www.lpu.in/international/programmes/msc-fashion-design,,no,,bachelor-fashion-design,"Page lives under lpu.in/international/programmes/ (LPU's international-admissions programme directory), which is LPU's standing evidence that the programme is offered to international applicants"
lovely-professional-university,M.Sc. Film And Television Production,PG,engineering,,Phagwara,on-campus,open_to_international,https://www.lpu.in/international/programmes/msc-film-and-television-production,https://www.lpu.in/international/programmes/msc-film-and-television-production,,no,,bachelor-film-television,"Page lives under lpu.in/international/programmes/ (LPU's international-admissions programme directory), which is LPU's standing evidence that the programme is offered to international applicants"
lovely-professional-university,M.Sc. Food Science And Technology,PG,other,,Phagwara,on-campus,open_to_international,https://www.lpu.in/international/programmes/msc-food-science-and-technology,https://www.lpu.in/international/programmes/msc-food-science-and-technology,,no,,bachelor-food-science-technology,"Page lives under lpu.in/international/programmes/ (LPU's international-admissions programme directory), which is LPU's standing evidence that the programme is offered to international applicants"
lovely-professional-university,M.Sc. Forensic Sciences,PG,sciences,,Phagwara,on-campus,open_to_international,https://www.lpu.in/international/programmes/msc-forensic-sciences,https://www.lpu.in/international/programmes/msc-forensic-sciences,,no,,GAP:msc-forensic-sciences,"Page lives under lpu.in/international/programmes/ (LPU's international-admissions programme directory), which is LPU's standing evidence that the programme is offered to international applicants"
lovely-professional-university,M.Sc. Geography,PG,arts-humanities-social-sciences,,Phagwara,on-campus,open_to_international,https://www.lpu.in/international/programmes/msc-geography,https://www.lpu.in/international/programmes/msc-geography,,no,,bachelor-geography,"Page lives under lpu.in/international/programmes/ (LPU's international-admissions programme directory), which is LPU's standing evidence that the programme is offered to international applicants"
lovely-professional-university,M.Sc. Hons Biotechnology,PG,computing-it,,Phagwara,on-campus,open_to_international,https://www.lpu.in/international/programmes/msc-hons-biotechnology,https://www.lpu.in/international/programmes/msc-hons-biotechnology,,no,,GAP:msc-hons-biotechnology,"Page lives under lpu.in/international/programmes/ (LPU's international-admissions programme directory), which is LPU's standing evidence that the programme is offered to international applicants"
lovely-professional-university,M.Sc. Hons Botany,PG,sciences,,Phagwara,on-campus,open_to_international,https://www.lpu.in/international/programmes/msc-hons-botany,https://www.lpu.in/international/programmes/msc-hons-botany,,no,,GAP:msc-hons-botany,"Page lives under lpu.in/international/programmes/ (LPU's international-admissions programme directory), which is LPU's standing evidence that the programme is offered to international applicants"
lovely-professional-university,M.Sc. Hons Chemistry,PG,sciences,,Phagwara,on-campus,open_to_international,https://www.lpu.in/international/programmes/msc-hons-chemistry,https://www.lpu.in/international/programmes/msc-hons-chemistry,,no,,bsc-chemistry,"Page lives under lpu.in/international/programmes/ (LPU's international-admissions programme directory), which is LPU's standing evidence that the programme is offered to international applicants"
lovely-professional-university,M.Sc. Hons Microbiology,PG,sciences,,Phagwara,on-campus,open_to_international,https://www.lpu.in/international/programmes/msc-hons-microbiology,https://www.lpu.in/international/programmes/msc-hons-microbiology,,no,,md-microbiology,"Page lives under lpu.in/international/programmes/ (LPU's international-admissions programme directory), which is LPU's standing evidence that the programme is offered to international applicants"
lovely-professional-university,M.Sc. Hons Physics,PG,sciences,,Phagwara,on-campus,open_to_international,https://www.lpu.in/international/programmes/msc-hons-physics,https://www.lpu.in/international/programmes/msc-hons-physics,,no,,bsc-physics,"Page lives under lpu.in/international/programmes/ (LPU's international-admissions programme directory), which is LPU's standing evidence that the programme is offered to international applicants"
lovely-professional-university,M.Sc. Hons Zoology,PG,sciences,,Phagwara,on-campus,open_to_international,https://www.lpu.in/international/programmes/msc-hons-zoology,https://www.lpu.in/international/programmes/msc-hons-zoology,,no,,GAP:msc-hons-zoology,"Page lives under lpu.in/international/programmes/ (LPU's international-admissions programme directory), which is LPU's standing evidence that the programme is offered to international applicants"
lovely-professional-university,M.Sc. In Hospitality Management,PG,hospitality-tourism,,Phagwara,on-campus,open_to_international,https://www.lpu.in/international/programmes/msc-in-hospitality-management,https://www.lpu.in/international/programmes/msc-in-hospitality-management,,no,,bachelor-hospitality-management,"Page lives under lpu.in/international/programmes/ (LPU's international-admissions programme directory), which is LPU's standing evidence that the programme is offered to international applicants"
lovely-professional-university,M.Sc. Interior And Furniture Design,PG,design-creative-arts,,Phagwara,on-campus,open_to_international,https://www.lpu.in/international/programmes/msc-interior-and-furniture-design,https://www.lpu.in/international/programmes/msc-interior-and-furniture-design,,no,,bdes,"Page lives under lpu.in/international/programmes/ (LPU's international-admissions programme directory), which is LPU's standing evidence that the programme is offered to international applicants"
lovely-professional-university,M.Sc. IT Information Technology,PG,other,,Phagwara,on-campus,open_to_international,https://www.lpu.in/international/programmes/msc-it-information-technology,https://www.lpu.in/international/programmes/msc-it-information-technology,,no,,GAP:msc-it-information-technology,"Page lives under lpu.in/international/programmes/ (LPU's international-admissions programme directory), which is LPU's standing evidence that the programme is offered to international applicants"
lovely-professional-university,M.Sc. Mathematics,PG,sciences,,Phagwara,on-campus,open_to_international,https://www.lpu.in/international/programmes/msc-mathematics,https://www.lpu.in/international/programmes/msc-mathematics,,no,,bsc-mathematics,"Page lives under lpu.in/international/programmes/ (LPU's international-admissions programme directory), which is LPU's standing evidence that the programme is offered to international applicants"
lovely-professional-university,M.Sc. Nutrition And Dietetics,PG,other,,Phagwara,on-campus,open_to_international,https://www.lpu.in/international/programmes/msc-nutrition-and-dietetics,https://www.lpu.in/international/programmes/msc-nutrition-and-dietetics,,no,,bachelor-nutrition-dietetics,"Page lives under lpu.in/international/programmes/ (LPU's international-admissions programme directory), which is LPU's standing evidence that the programme is offered to international applicants"
lovely-professional-university,M.Sc. Plant Pathology,PG,health-medicine,,Phagwara,on-campus,open_to_international,https://www.lpu.in/international/programmes/msc-plant-Pathology,https://www.lpu.in/international/programmes/msc-plant-Pathology,,no,,md-pathology,"Page lives under lpu.in/international/programmes/ (LPU's international-admissions programme directory), which is LPU's standing evidence that the programme is offered to international applicants"
lovely-professional-university,M.Sc. Psychology,PG,psychology,,Phagwara,on-campus,open_to_international,https://www.lpu.in/international/programmes/msc-psychology,https://www.lpu.in/international/programmes/msc-psychology,,no,,bachelor-psychology,"Page lives under lpu.in/international/programmes/ (LPU's international-admissions programme directory), which is LPU's standing evidence that the programme is offered to international applicants"
lovely-professional-university,M.Sc. Statistical Data Analysis,PG,other,,Phagwara,on-campus,open_to_international,https://www.lpu.in/international/programmes/msc-statistical-data-analysis,https://www.lpu.in/international/programmes/msc-statistical-data-analysis,,no,,msc-data-science,"Page lives under lpu.in/international/programmes/ (LPU's international-admissions programme directory), which is LPU's standing evidence that the programme is offered to international applicants"
lovely-professional-university,M.Tech Biotechnology With International Transfer Option,PG,computing-it,,Phagwara,on-campus,open_to_international,https://www.lpu.in/international/programmes/mtech-biotechnology-with-international-transfer-option,https://www.lpu.in/international/programmes/mtech-biotechnology-with-international-transfer-option,,no,,GAP:mtech-biotechnology-with-international-transfer-option,"Page lives under lpu.in/international/programmes/ (LPU's international-admissions programme directory), which is LPU's standing evidence that the programme is offered to international applicants; international-transfer-option track (study-abroad component), separate admissions track"
lovely-professional-university,B.A. Music Vocal,UG,other,,Phagwara,on-campus,open_to_international,https://www.lpu.in/international/programmes/performing-arts/ba-music-vocal,https://www.lpu.in/international/programmes/performing-arts/ba-music-vocal,,no,,GAP:ba-music-vocal,"Page lives under lpu.in/international/programmes/ (LPU's international-admissions programme directory), which is LPU's standing evidence that the programme is offered to international applicants"
lovely-professional-university,B.A. Theatre,UG,other,,Phagwara,on-campus,open_to_international,https://www.lpu.in/international/programmes/performing-arts/ba-theatre,https://www.lpu.in/international/programmes/performing-arts/ba-theatre,,no,,GAP:ba-theatre,"Page lives under lpu.in/international/programmes/ (LPU's international-admissions programme directory), which is LPU's standing evidence that the programme is offered to international applicants"
lovely-professional-university,Bpa Music Vocal,UG,other,,Phagwara,on-campus,open_to_international,https://www.lpu.in/international/programmes/performing-arts/bpa-music-vocal,https://www.lpu.in/international/programmes/performing-arts/bpa-music-vocal,,no,,GAP:bpa-music-vocal,"Page lives under lpu.in/international/programmes/ (LPU's international-admissions programme directory), which is LPU's standing evidence that the programme is offered to international applicants"
lovely-professional-university,Bpa Theatre,UG,other,,Phagwara,on-campus,open_to_international,https://www.lpu.in/international/programmes/performing-arts/bpa-theatre,https://www.lpu.in/international/programmes/performing-arts/bpa-theatre,,no,,GAP:bpa-theatre,"Page lives under lpu.in/international/programmes/ (LPU's international-admissions programme directory), which is LPU's standing evidence that the programme is offered to international applicants"
